{
	"__comment": "Made with Blockbench",
	"ambientocclusion": false,
	"textures": {
		"particle": "block/lilypad/cdm6jrbjdw",
		"dark": "block/lilypad/edhqawkf",
		"light": "block/lilypad/cdm6jrbjdw",
		"flower": "#flower",
		"yellow": "#yellow"
	},
	"elements": [ 	 
		{
			"__comment": "outer",
			"from": [ 2, 0.25, 4 ],
			"to": [ 3, 0.751, 11 ],
			"faces": {
				"down": { "uv": [ 2, 5, 3, 12 ], "texture": "#dark", "tintindex": 0 },
				"up": { "uv": [ 2, 4, 3, 11 ], "texture": "#dark", "tintindex": 0 },
				"north": { "uv": [ 13, 15.249, 14, 15.75 ], "texture": "#dark", "tintindex": 0 },
				"south": { "uv": [ 2, 15.249, 3, 15.75 ], "texture": "#dark", "tintindex": 0 },
				"west": { "uv": [ 4, 15.249, 11, 15.75 ], "texture": "#dark", "tintindex": 0 }
			}
		},
		{
			"__comment": "outer1",
			"from": [ 3, 0.25, 2 ],
			"to": [ 4, 0.751, 4 ],
			"faces": {
				"down": { "uv": [ 3, 12, 4, 14 ], "texture": "#dark", "tintindex": 0 },
				"up": { "uv": [ 3, 2, 4, 4 ], "texture": "#dark", "tintindex": 0 },
				"north": { "uv": [ 12, 15.249, 13, 15.75 ], "texture": "#dark", "tintindex": 0 },
				"west": { "uv": [ 2, 15.249, 4, 15.75 ], "texture": "#dark", "tintindex": 0 }
			}
		},
		{
			"__comment": "inner",
			"from": [ 3, 0, 4 ],
			"to": [ 7, 1, 11 ],
			"faces": {
				"down": { "uv": [ 3, 5, 7, 12 ], "texture": "#light", "tintindex": 0 },
				"up": { "uv": [ 3, 4, 7, 11 ], "texture": "#light", "tintindex": 0 },
				"north": { "uv": [ 9, 15, 13, 16 ], "texture": "#light", "tintindex": 0 },
				"south": { "uv": [ 3, 15, 7, 16 ], "texture": "#light", "tintindex": 0 },
				"west": { "uv": [ 4, 15, 11, 16 ], "texture": "#light", "tintindex": 0 },
				"east": { "uv": [ 5, 15, 12, 16 ], "texture": "#light", "tintindex": 0 }
			}
		},
		{
			"__comment": "outer2",
			"from": [ 3, 0.25, 11 ],
			"to": [ 4, 0.751, 13 ],
			"faces": {
				"down": { "uv": [ 3, 3, 4, 5 ], "texture": "#dark", "tintindex": 0 },
				"up": { "uv": [ 3, 11, 4, 13 ], "texture": "#dark", "tintindex": 0 },
				"south": { "uv": [ 3, 15.249, 4, 15.75 ], "texture": "#dark", "tintindex": 0 },
				"west": { "uv": [ 11, 15.249, 13, 15.75 ], "texture": "#dark", "tintindex": 0 }
			}
		},
		{
			"__comment": "outer3",
			"from": [ 4, 0.25, 1 ],
			"to": [ 6, 0.751, 2 ],
			"faces": {
				"down": { "uv": [ 4, 14, 6, 15 ], "texture": "#dark", "tintindex": 0 },
				"up": { "uv": [ 4, 1, 6, 2 ], "texture": "#dark", "tintindex": 0 },
				"north": { "uv": [ 10, 15.249, 12, 15.75 ], "texture": "#dark", "tintindex": 0 },
				"west": { "uv": [ 1, 15.249, 2, 15.75 ], "texture": "#dark", "tintindex": 0 },
				"east": { "uv": [ 14, 15.249, 15, 15.75 ], "texture": "#dark", "tintindex": 0 }
			}
		},
		{
			"__comment": "inner1",
			"from": [ 4, 0, 2 ],
			"to": [ 6, 1, 4 ],
			"faces": {
				"down": { "uv": [ 4, 12, 6, 14 ], "texture": "#light", "tintindex": 0 },
				"up": { "uv": [ 4, 2, 6, 4 ], "texture": "#light", "tintindex": 0 },
				"north": { "uv": [ 10, 15, 12, 16 ], "texture": "#light", "tintindex": 0 },
				"west": { "uv": [ 2, 15, 4, 16 ], "texture": "#light", "tintindex": 0 },
				"east": { "uv": [ 12, 15, 14, 16 ], "texture": "#light", "tintindex": 0 }
			}
		},
		{
			"__comment": "inner2",
			"from": [ 4, 0, 11 ],
			"to": [ 8, 1, 13 ],
			"faces": {
				"down": { "uv": [ 4, 3, 8, 5 ], "texture": "#light", "tintindex": 0 },
				"up": { "uv": [ 4, 11, 8, 13 ], "texture": "#light", "tintindex": 0 },
				"north": { "uv": [ 8, 15, 12, 16 ], "texture": "#light", "tintindex": 0 },
				"south": { "uv": [ 4, 15, 8, 16 ], "texture": "#light", "tintindex": 0 },
				"west": { "uv": [ 11, 15, 13, 16 ], "texture": "#light", "tintindex": 0 },
				"east": { "uv": [ 3, 15, 5, 16 ], "texture": "#light", "tintindex": 0 }
			}
		},
		{
			"__comment": "outer4",
			"from": [ 4, 0.25, 13 ],
			"to": [ 6, 0.751, 14 ],
			"faces": {
				"down": { "uv": [ 4, 2, 6, 3 ], "texture": "#dark", "tintindex": 0 },
				"up": { "uv": [ 4, 13, 6, 14 ], "texture": "#dark", "tintindex": 0 },
				"south": { "uv": [ 4, 15.249, 6, 15.75 ], "texture": "#dark", "tintindex": 0 },
				"west": { "uv": [ 13, 15.249, 14, 15.75 ], "texture": "#dark", "tintindex": 0 }
			}
		},
		{
			"__comment": "outer5",
			"from": [ 6, 0.25, 2 ],
			"to": [ 7, 0.751, 3 ],
			"faces": {
				"down": { "uv": [ 6, 13, 7, 14 ], "texture": "#dark", "tintindex": 0 },
				"up": { "uv": [ 6, 2, 7, 3 ], "texture": "#dark", "tintindex": 0 },
				"north": { "uv": [ 9, 15.249, 10, 15.75 ], "texture": "#dark", "tintindex": 0 },
				"east": { "uv": [ 13, 15.249, 14, 15.75 ], "texture": "#dark", "tintindex": 0 }
			}
		},
		{
			"__comment": "inner3",
			"from": [ 6, 0, 3 ],
			"to": [ 7, 1, 4 ],
			"faces": {
				"down": { "uv": [ 6, 12, 7, 13 ], "texture": "#light", "tintindex": 0 },
				"up": { "uv": [ 6, 3, 7, 4 ], "texture": "#light", "tintindex": 0 },
				"north": { "uv": [ 9, 15, 10, 16 ], "texture": "#light", "tintindex": 0 },
				"east": { "uv": [ 12, 15, 13, 16 ], "texture": "#light", "tintindex": 0 }
			}
		},
		{
			"__comment": "inner4",
			"from": [ 6, 0, 13 ],
			"to": [ 8, 1, 14 ],
			"faces": {
				"down": { "uv": [ 6, 2, 8, 3 ], "texture": "#light", "tintindex": 0 },
				"up": { "uv": [ 6, 13, 8, 14 ], "texture": "#light", "tintindex": 0 },
				"south": { "uv": [ 6, 15, 8, 16 ], "texture": "#light", "tintindex": 0 },
				"west": { "uv": [ 13, 15, 14, 16 ], "texture": "#light", "tintindex": 0 },
				"east": { "uv": [ 2, 15, 3, 16 ], "texture": "#light", "tintindex": 0 }
			}
		},
		{
			"__comment": "outer6",
			"from": [ 6, 0.25, 14 ],
			"to": [ 11, 0.751, 15 ],
			"faces": {
				"down": { "uv": [ 6, 1, 11, 2 ], "texture": "#dark", "tintindex": 0 },
				"up": { "uv": [ 6, 14, 11, 15 ], "texture": "#dark", "tintindex": 0 },
				"north": { "uv": [ 5, 15.249, 10, 15.75 ], "texture": "#dark", "tintindex": 0 },
				"south": { "uv": [ 6, 15.249, 11, 15.75 ], "texture": "#dark", "tintindex": 0 },
				"west": { "uv": [ 14, 15.249, 15, 15.75 ], "texture": "#dark", "tintindex": 0 },
				"east": { "uv": [ 1, 15.249, 2, 15.75 ], "texture": "#dark", "tintindex": 0 }
			}
		},
		{
			"__comment": "outer7",
			"from": [ 7, 0.25, 3 ],
			"to": [ 8, 0.751, 5 ],
			"faces": {
				"down": { "uv": [ 7, 11, 8, 13 ], "texture": "#dark", "tintindex": 0 },
				"up": { "uv": [ 7, 3, 8, 5 ], "texture": "#dark", "tintindex": 0 },
				"north": { "uv": [ 8, 15.249, 9, 15.75 ], "texture": "#dark", "tintindex": 0 },
				"west": { "uv": [ 3, 15.249, 5, 15.75 ], "texture": "#dark", "tintindex": 0 },
				"east": { "uv": [ 11, 15.249, 13, 15.75 ], "texture": "#dark", "tintindex": 0 }
			}
		},
		{
			"__comment": "inner5",
			"from": [ 7, 0, 5 ],
			"to": [ 8, 1, 11 ],
			"faces": {
				"down": { "uv": [ 7, 5, 8, 11 ], "texture": "#light", "tintindex": 0 },
				"up": { "uv": [ 7, 5, 8, 11 ], "texture": "#light", "tintindex": 0 },
				"north": { "uv": [ 8, 15, 9, 16 ], "texture": "#light", "tintindex": 0 },
				"east": { "uv": [ 5, 15, 11, 16 ], "texture": "#light", "tintindex": 0 }
			}
		},
		{
			"__comment": "outer8",
			"from": [ 8, 0.25, 5 ],
			"to": [ 9, 0.751, 14 ],
			"faces": {
				"down": { "uv": [ 8, 2, 9, 11 ], "texture": "#dark", "tintindex": 0 },
				"up": { "uv": [ 8, 5, 9, 14 ], "texture": "#dark", "tintindex": 0 },
				"north": { "uv": [ 7, 15.249, 8, 15.75 ], "texture": "#dark", "tintindex": 0 },
				"west": { "uv": [ 5, 15.249, 14, 15.75 ], "texture": "#dark", "tintindex": 0 },
				"east": { "uv": [ 2, 15.249, 11, 15.75 ], "texture": "#dark", "tintindex": 0 }
			}
		},
		{
			"__comment": "outer9",
			"from": [ 9, 0.25, 3 ],
			"to": [ 10, 0.751, 5 ],
			"faces": {
				"down": { "uv": [ 9, 11, 10, 13 ], "texture": "#dark", "tintindex": 0 },
				"up": { "uv": [ 9, 3, 10, 5 ], "texture": "#dark", "tintindex": 0 },
				"north": { "uv": [ 6, 15.249, 7, 15.75 ], "texture": "#dark", "tintindex": 0 },
				"west": { "uv": [ 3, 15.249, 5, 15.75 ], "texture": "#dark", "tintindex": 0 }
			}
		},
		{
			"__comment": "inner6",
			"from": [ 9, 0, 5 ],
			"to": [ 14, 1, 11 ],
			"faces": {
				"down": { "uv": [ 9, 5, 14, 11 ], "texture": "#light", "tintindex": 0 },
				"up": { "uv": [ 9, 5, 14, 11 ], "texture": "#light", "tintindex": 0 },
				"north": { "uv": [ 2, 15, 7, 16 ], "texture": "#light", "tintindex": 0 },
				"south": { "uv": [ 9, 15, 14, 16 ], "texture": "#light", "tintindex": 0 },
				"west": { "uv": [ 5, 15, 11, 16 ], "texture": "#light", "tintindex": 0 },
				"east": { "uv": [ 5, 15, 11, 16 ], "texture": "#light", "tintindex": 0 }
			}
		},
		{
			"__comment": "inner7",
			"from": [ 9, 0, 11 ],
			"to": [ 13, 1, 13 ],
			"faces": {
				"down": { "uv": [ 9, 3, 13, 5 ], "texture": "#light", "tintindex": 0 },
				"up": { "uv": [ 9, 11, 13, 13 ], "texture": "#light", "tintindex": 0 },
				"south": { "uv": [ 9, 15, 13, 16 ], "texture": "#light", "tintindex": 0 },
				"west": { "uv": [ 11, 15, 13, 16 ], "texture": "#light", "tintindex": 0 },
				"east": { "uv": [ 3, 15, 5, 16 ], "texture": "#light", "tintindex": 0 }
			}
		},
		{
			"__comment": "inner8",
			"from": [ 9, 0, 13 ],
			"to": [ 11, 1, 14 ],
			"faces": {
				"down": { "uv": [ 9, 2, 11, 3 ], "texture": "#light", "tintindex": 0 },
				"up": { "uv": [ 9, 13, 11, 14 ], "texture": "#light", "tintindex": 0 },
				"south": { "uv": [ 9, 15, 11, 16 ], "texture": "#light", "tintindex": 0 },
				"west": { "uv": [ 13, 15, 14, 16 ], "texture": "#light", "tintindex": 0 },
				"east": { "uv": [ 2, 15, 3, 16 ], "texture": "#light", "tintindex": 0 }
			}
		},
		{
			"__comment": "outer10",
			"from": [ 10, 0.25, 2 ],
			"to": [ 11, 0.751, 3 ],
			"faces": {
				"down": { "uv": [ 10, 13, 11, 14 ], "texture": "#dark", "tintindex": 0 },
				"up": { "uv": [ 10, 2, 11, 3 ], "texture": "#dark", "tintindex": 0 },
				"north": { "uv": [ 5, 15.249, 6, 15.75 ], "texture": "#dark", "tintindex": 0 },
				"west": { "uv": [ 2, 15.249, 3, 15.75 ], "texture": "#dark", "tintindex": 0 }
			}
		},
		{
			"__comment": "inner9",
			"from": [ 10, 0, 3 ],
			"to": [ 13, 1, 5 ],
			"faces": {
				"down": { "uv": [ 10, 11, 13, 13 ], "texture": "#light", "tintindex": 0 },
				"up": { "uv": [ 10, 3, 13, 5 ], "texture": "#light", "tintindex": 0 },
				"north": { "uv": [ 3, 15, 6, 16 ], "texture": "#light", "tintindex": 0 },
				"west": { "uv": [ 3, 15, 5, 16 ], "texture": "#light", "tintindex": 0 },
				"east": { "uv": [ 11, 15, 13, 16 ], "texture": "#light", "tintindex": 0 }
			}
		},
		{
			"__comment": "outer11",
			"from": [ 11, 0.25, 1 ],
			"to": [ 13, 0.751, 2 ],
			"faces": {
				"down": { "uv": [ 11, 14, 13, 15 ], "texture": "#dark", "tintindex": 0 },
				"up": { "uv": [ 11, 1, 13, 2 ], "texture": "#dark", "tintindex": 0 },
				"north": { "uv": [ 3, 15.249, 5, 15.75 ], "texture": "#dark", "tintindex": 0 },
				"west": { "uv": [ 1, 15.249, 2, 15.75 ], "texture": "#dark", "tintindex": 0 },
				"east": { "uv": [ 14, 15.249, 15, 15.75 ], "texture": "#dark", "tintindex": 0 }
			}
		},
		{
			"__comment": "inner10",
			"from": [ 11, 0, 2 ],
			"to": [ 13, 1, 3 ],
			"faces": {
				"down": { "uv": [ 11, 13, 13, 14 ], "texture": "#light", "tintindex": 0 },
				"up": { "uv": [ 11, 2, 13, 3 ], "texture": "#light", "tintindex": 0 },
				"north": { "uv": [ 3, 15, 5, 16 ], "texture": "#light", "tintindex": 0 },
				"west": { "uv": [ 2, 15, 3, 16 ], "texture": "#light", "tintindex": 0 },
				"east": { "uv": [ 13, 15, 14, 16 ], "texture": "#light", "tintindex": 0 }
			}
		},
		{
			"__comment": "outer12",
			"from": [ 11, 0.25, 13 ],
			"to": [ 13, 0.751, 14 ],
			"faces": {
				"down": { "uv": [ 11, 2, 13, 3 ], "texture": "#dark", "tintindex": 0 },
				"up": { "uv": [ 11, 13, 13, 14 ], "texture": "#dark", "tintindex": 0 },
				"south": { "uv": [ 11, 15.249, 13, 15.75 ], "texture": "#dark", "tintindex": 0 },
				"east": { "uv": [ 2, 15.249, 3, 15.75 ], "texture": "#dark", "tintindex": 0 }
			}
		},
		{
			"__comment": "outer13",
			"from": [ 13, 0.25, 2 ],
			"to": [ 14, 0.751, 4 ],
			"faces": {
				"down": { "uv": [ 13, 12, 14, 14 ], "texture": "#dark", "tintindex": 0 },
				"up": { "uv": [ 13, 2, 14, 4 ], "texture": "#dark", "tintindex": 0 },
				"north": { "uv": [ 2, 15.249, 3, 15.75 ], "texture": "#dark", "tintindex": 0 },
				"west": { "uv": [ 2, 15.249, 4, 15.75 ], "texture": "#dark", "tintindex": 0 },
				"east": { "uv": [ 12, 15.249, 14, 15.75 ], "texture": "#dark", "tintindex": 0 }
			}
		},
		{
			"__comment": "inner11",
			"from": [ 13, 0, 4 ],
			"to": [ 14, 1, 5 ],
			"faces": {
				"down": { "uv": [ 13, 11, 14, 12 ], "texture": "#light", "tintindex": 0 },
				"up": { "uv": [ 13, 4, 14, 5 ], "texture": "#light", "tintindex": 0 },
				"north": { "uv": [ 2, 15, 3, 16 ], "texture": "#light", "tintindex": 0 },
				"east": { "uv": [ 11, 15, 12, 16 ], "texture": "#light", "tintindex": 0 }
			}
		},
		{
			"__comment": "outer14",
			"from": [ 13, 0.25, 11 ],
			"to": [ 14, 0.751, 13 ],
			"faces": {
				"down": { "uv": [ 13, 3, 14, 5 ], "texture": "#dark", "tintindex": 0 },
				"up": { "uv": [ 13, 11, 14, 13 ], "texture": "#dark", "tintindex": 0 },
				"south": { "uv": [ 13, 15.249, 14, 15.75 ], "texture": "#dark", "tintindex": 0 },
				"east": { "uv": [ 3, 15.249, 5, 15.75 ], "texture": "#dark", "tintindex": 0 }
			}
		},
		{
			"__comment": "outer15",
			"from": [ 14, 0.25, 4 ],
			"to": [ 15, 0.751, 11 ],
			"faces": {
				"down": { "uv": [ 14, 5, 15, 12 ], "texture": "#dark", "tintindex": 0 },
				"up": { "uv": [ 14, 4, 15, 11 ], "texture": "#dark", "tintindex": 0 },
				"north": { "uv": [ 1, 15.249, 2, 15.75 ], "texture": "#dark", "tintindex": 0 },
				"south": { "uv": [ 14, 15.249, 15, 15.75 ], "texture": "#dark", "tintindex": 0 },
				"west": { "uv": [ 4, 15.249, 11, 15.75 ], "texture": "#dark", "tintindex": 0 },
				"east": { "uv": [ 5, 15.249, 12, 15.75 ], "texture": "#dark", "tintindex": 0 }
			}
		},
		{
			"__comment": "flower",
			"from": [ 6, 2, 8 ],
			"to": [ 8, 3, 9 ],
			"faces": {
				"down": { "uv": [ 6, 7, 8, 8 ], "texture": "#flower" },
				"up": { "uv": [ 6, 8, 8, 9 ], "texture": "#flower" },
				"north": { "uv": [ 8, 13, 10, 14 ], "texture": "#flower" },
				"south": { "uv": [ 6, 13, 8, 14 ], "texture": "#flower" },
				"west": { "uv": [ 8, 13, 9, 14 ], "texture": "#flower" },
				"east": { "uv": [ 7, 13, 8, 14 ], "texture": "#flower" }
			}
		},
		{
			"__comment": "flower1",
			"from": [ 6, 2, 10 ],
			"to": [ 8, 3, 11 ],
			"faces": {
				"down": { "uv": [ 6, 5, 8, 6 ], "texture": "#flower" },
				"up": { "uv": [ 6, 10, 8, 11 ], "texture": "#flower" },
				"north": { "uv": [ 8, 13, 10, 14 ], "texture": "#flower" },
				"south": { "uv": [ 6, 13, 8, 14 ], "texture": "#flower" },
				"west": { "uv": [ 10, 13, 11, 14 ], "texture": "#flower" },
				"east": { "uv": [ 5, 13, 6, 14 ], "texture": "#flower" }
			}
		},
		{
			"__comment": "flower2",
			"from": [ 7, 1, 9 ],
			"to": [ 10, 2, 10 ],
			"faces": {
				"down": { "uv": [ 7, 6, 10, 7 ], "texture": "#flower" },
				"up": { "uv": [ 7, 9, 10, 10 ], "texture": "#flower" },
				"north": { "uv": [ 6, 14, 9, 15 ], "texture": "#flower" },
				"south": { "uv": [ 7, 14, 10, 15 ], "texture": "#flower" },
				"west": { "uv": [ 9, 14, 10, 15 ], "texture": "#flower" },
				"east": { "uv": [ 6, 14, 7, 15 ], "texture": "#flower" }
			}
		},
		{
			"__comment": "flower3",
			"from": [ 7, 2, 7 ],
			"to": [ 8, 3, 8 ],
			"faces": {
				"down": { "uv": [ 7, 8, 8, 9 ], "texture": "#flower" },
				"up": { "uv": [ 7, 7, 8, 8 ], "texture": "#flower" },
				"north": { "uv": [ 8, 13, 9, 14 ], "texture": "#flower" },
				"south": { "uv": [ 7, 13, 8, 14 ], "texture": "#flower" },
				"west": { "uv": [ 7, 13, 8, 14 ], "texture": "#flower" },
				"east": { "uv": [ 8, 13, 9, 14 ], "texture": "#flower" }
			}
		},
		{
			"__comment": "flower4",
			"from": [ 7, 2, 11 ],
			"to": [ 8, 3, 12 ],
			"faces": {
				"down": { "uv": [ 7, 4, 8, 5 ], "texture": "#flower" },
				"up": { "uv": [ 7, 11, 8, 12 ], "texture": "#flower" },
				"north": { "uv": [ 8, 13, 9, 14 ], "texture": "#flower" },
				"south": { "uv": [ 7, 13, 8, 14 ], "texture": "#flower" },
				"west": { "uv": [ 11, 13, 12, 14 ], "texture": "#flower" },
				"east": { "uv": [ 4, 13, 5, 14 ], "texture": "#flower" }
			}
		},
		{
			"__comment": "flower5",
			"from": [ 8, 1, 8 ],
			"to": [ 9, 2, 9 ],
			"faces": {
				"down": { "uv": [ 8, 7, 9, 8 ], "texture": "#flower" },
				"up": { "uv": [ 8, 8, 9, 9 ], "texture": "#flower" },
				"north": { "uv": [ 7, 14, 8, 15 ], "texture": "#flower" },
				"south": { "uv": [ 8, 14, 9, 15 ], "texture": "#flower" },
				"west": { "uv": [ 8, 14, 9, 15 ], "texture": "#flower" },
				"east": { "uv": [ 7, 14, 8, 15 ], "texture": "#flower" }
			}
		},
		{
			"__comment": "flower6",
			"from": [ 8, 1, 10 ],
			"to": [ 9, 2, 11 ],
			"faces": {
				"down": { "uv": [ 8, 5, 9, 6 ], "texture": "#flower" },
				"up": { "uv": [ 8, 10, 9, 11 ], "texture": "#flower" },
				"north": { "uv": [ 7, 14, 8, 15 ], "texture": "#flower" },
				"south": { "uv": [ 8, 14, 9, 15 ], "texture": "#flower" },
				"west": { "uv": [ 10, 14, 11, 15 ], "texture": "#flower" },
				"east": { "uv": [ 5, 14, 6, 15 ], "texture": "#flower" }
			}
		},
		{
			"__comment": "yellow",
			"from": [ 8, 2, 9 ],
			"to": [ 9, 3, 10 ],
			"faces": {
				"down": { "uv": [ 8, 6, 9, 7 ], "texture": "#yellow" },
				"up": { "uv": [ 8, 9, 9, 10 ], "texture": "#yellow" },
				"north": { "uv": [ 7, 13, 8, 14 ], "texture": "#yellow" },
				"south": { "uv": [ 8, 13, 9, 14 ], "texture": "#yellow" },
				"west": { "uv": [ 9, 13, 10, 14 ], "texture": "#yellow" },
				"east": { "uv": [ 6, 13, 7, 14 ], "texture": "#yellow" }
			}
		},
		{
			"__comment": "flower8",
			"from": [ 9, 2, 7 ],
			"to": [ 10, 3, 9 ],
			"faces": {
				"down": { "uv": [ 9, 7, 10, 9 ], "texture": "#flower" },
				"up": { "uv": [ 9, 7, 10, 9 ], "texture": "#flower" },
				"north": { "uv": [ 6, 13, 7, 14 ], "texture": "#flower" },
				"south": { "uv": [ 9, 13, 10, 14 ], "texture": "#flower" },
				"west": { "uv": [ 7, 13, 9, 14 ], "texture": "#flower" },
				"east": { "uv": [ 7, 13, 9, 14 ], "texture": "#flower" }
			}
		},
		{
			"__comment": "flower7",
			"from": [ 9, 2, 10 ],
			"to": [ 11, 3, 11 ],
			"faces": {
				"down": { "uv": [ 9, 5, 11, 6 ], "texture": "#flower" },
				"up": { "uv": [ 9, 10, 11, 11 ], "texture": "#flower" },
				"north": { "uv": [ 5, 13, 7, 14 ], "texture": "#flower" },
				"south": { "uv": [ 9, 13, 11, 14 ], "texture": "#flower" },
				"west": { "uv": [ 10, 13, 11, 14 ], "texture": "#flower" },
				"east": { "uv": [ 5, 13, 6, 14 ], "texture": "#flower" }
			}
		},
		{
			"__comment": "flower10",
			"from": [ 9, 2, 11 ],
			"to": [ 10, 3, 12 ],
			"faces": {
				"down": { "uv": [ 9, 4, 10, 5 ], "texture": "#flower" },
				"up": { "uv": [ 9, 11, 10, 12 ], "texture": "#flower" },
				"north": { "uv": [ 6, 13, 7, 14 ], "texture": "#flower" },
				"south": { "uv": [ 9, 13, 10, 14 ], "texture": "#flower" },
				"west": { "uv": [ 11, 13, 12, 14 ], "texture": "#flower" },
				"east": { "uv": [ 4, 13, 5, 14 ], "texture": "#flower" }
			}
		},
		{
			"__comment": "flower9",
			"from": [ 10, 2, 8 ],
			"to": [ 11, 3, 9 ],
			"faces": {
				"down": { "uv": [ 10, 7, 11, 8 ], "texture": "#flower" },
				"up": { "uv": [ 10, 8, 11, 9 ], "texture": "#flower" },
				"north": { "uv": [ 5, 13, 6, 14 ], "texture": "#flower" },
				"south": { "uv": [ 10, 13, 11, 14 ], "texture": "#flower" },
				"west": { "uv": [ 8, 13, 9, 14 ], "texture": "#flower" },
				"east": { "uv": [ 7, 13, 8, 14 ], "texture": "#flower" }
			}
		}
	]
}