{
	"__comment": "Made with Blockbench by LeoTecno",
	"textures": {
		"particle": "block/lilypad/cdm6jrbjdw",
		"Hemerald": "block/lilypad/edhqawkf",
		"koste7": "block/lilypad/cdm6jrbjdw"
	},
	"elements": [ 	 
		{
			"__comment": "outer",
			"from": [ 8.499, 5, 2 ],
			"to": [ 9, 12, 3 ],
			"faces": {
				"down": { "uv": [ 8.499, 13, 9, 14 ], "texture": "#Hemerald", "tintindex": 0 },
				"up": { "uv": [ 8.499, 2, 9, 3 ], "texture": "#Hemerald", "tintindex": 0 },
				"north": { "uv": [ 7, 4, 7.501, 11 ], "texture": "#Hemerald", "tintindex": 0 },
				"west": { "uv": [ 2, 4, 3, 11 ], "texture": "#Hemerald", "tintindex": 0 },
				"east": { "uv": [ 13, 4, 14, 11 ], "texture": "#Hemerald", "tintindex": 0 }
			}
		},
		{
			"__comment": "outer1",
			"from": [ 8.499, 12, 3 ],
			"to": [ 9, 14, 4 ],
			"faces": {
				"up": { "uv": [ 8.499, 3, 9, 4 ], "texture": "#Hemerald", "tintindex": 0 },
				"north": { "uv": [ 7, 2, 7.501, 4 ], "texture": "#Hemerald", "tintindex": 0 },
				"west": { "uv": [ 3, 2, 4, 4 ], "texture": "#Hemerald", "tintindex": 0 },
				"east": { "uv": [ 12, 2, 13, 4 ], "texture": "#Hemerald", "tintindex": 0 }
			}
		},
		{
			"__comment": "inner",
			"from": [ 8.25, 5, 3 ],
			"to": [ 9.25, 12, 7 ],
			"faces": {
				"down": { "uv": [ 8.25, 9, 9.25, 13 ], "texture": "#koste7", "tintindex": 0 },
				"up": { "uv": [ 8.25, 3, 9.25, 7 ], "texture": "#koste7", "tintindex": 0 },
				"north": { "uv": [ 6.75, 4, 7.75, 11 ], "texture": "#koste7", "tintindex": 0 },
				"south": { "uv": [ 8.25, 4, 9.25, 11 ], "texture": "#koste7", "tintindex": 0 },
				"west": { "uv": [ 3, 4, 7, 11 ], "texture": "#koste7", "tintindex": 0 },
				"east": { "uv": [ 9, 4, 13, 11 ], "texture": "#koste7", "tintindex": 0 }
			}
		},
		{
			"__comment": "outer2",
			"from": [ 8.499, 3, 3 ],
			"to": [ 9, 5, 4 ],
			"faces": {
				"down": { "uv": [ 8.499, 12, 9, 13 ], "texture": "#Hemerald", "tintindex": 0 },
				"north": { "uv": [ 7, 11, 7.501, 13 ], "texture": "#Hemerald", "tintindex": 0 },
				"west": { "uv": [ 3, 11, 4, 13 ], "texture": "#Hemerald", "tintindex": 0 },
				"east": { "uv": [ 12, 11, 13, 13 ], "texture": "#Hemerald", "tintindex": 0 }
			}
		},
		{
			"__comment": "outer3",
			"from": [ 8.499, 14, 4 ],
			"to": [ 9, 15, 6 ],
			"faces": {
				"up": { "uv": [ 8.499, 4, 9, 6 ], "texture": "#Hemerald", "tintindex": 0 },
				"north": { "uv": [ 7, 1, 7.501, 2 ], "texture": "#Hemerald", "tintindex": 0 },
				"south": { "uv": [ 8.499, 1, 9, 2 ], "texture": "#Hemerald", "tintindex": 0 },
				"west": { "uv": [ 4, 1, 6, 2 ], "texture": "#Hemerald", "tintindex": 0 },
				"east": { "uv": [ 10, 1, 12, 2 ], "texture": "#Hemerald", "tintindex": 0 }
			}
		},
		{
			"__comment": "inner1",
			"from": [ 8.25, 12, 4 ],
			"to": [ 9.25, 14, 6 ],
			"faces": {
				"up": { "uv": [ 8.25, 4, 9.25, 6 ], "texture": "#koste7", "tintindex": 0 },
				"north": { "uv": [ 6.75, 2, 7.75, 4 ], "texture": "#koste7", "tintindex": 0 },
				"south": { "uv": [ 8.25, 2, 9.25, 4 ], "texture": "#koste7", "tintindex": 0 },
				"west": { "uv": [ 4, 2, 6, 4 ], "texture": "#koste7", "tintindex": 0 },
				"east": { "uv": [ 10, 2, 12, 4 ], "texture": "#koste7", "tintindex": 0 }
			}
		},
		{
			"__comment": "inner2",
			"from": [ 8.25, 3, 4 ],
			"to": [ 9.25, 5, 8 ],
			"faces": {
				"down": { "uv": [ 8.25, 8, 9.25, 12 ], "texture": "#koste7", "tintindex": 0 },
				"up": { "uv": [ 8.25, 4, 9.25, 8 ], "texture": "#koste7", "tintindex": 0 },
				"north": { "uv": [ 6.75, 11, 7.75, 13 ], "texture": "#koste7", "tintindex": 0 },
				"south": { "uv": [ 8.25, 11, 9.25, 13 ], "texture": "#koste7", "tintindex": 0 },
				"west": { "uv": [ 4, 11, 8, 13 ], "texture": "#koste7", "tintindex": 0 },
				"east": { "uv": [ 8, 11, 12, 13 ], "texture": "#koste7", "tintindex": 0 }
			}
		},
		{
			"__comment": "outer4",
			"from": [ 8.499, 2, 4 ],
			"to": [ 9, 3, 6 ],
			"faces": {
				"down": { "uv": [ 8.499, 10, 9, 12 ], "texture": "#Hemerald", "tintindex": 0 },
				"north": { "uv": [ 7, 13, 7.501, 14 ], "texture": "#Hemerald", "tintindex": 0 },
				"west": { "uv": [ 4, 13, 6, 14 ], "texture": "#Hemerald", "tintindex": 0 },
				"east": { "uv": [ 10, 13, 12, 14 ], "texture": "#Hemerald", "tintindex": 0 }
			}
		},
		{
			"__comment": "outer5",
			"from": [ 8.499, 13, 6 ],
			"to": [ 9, 14, 7 ],
			"faces": {
				"up": { "uv": [ 8.499, 6, 9, 7 ], "texture": "#Hemerald", "tintindex": 0 },
				"south": { "uv": [ 8.499, 2, 9, 3 ], "texture": "#Hemerald", "tintindex": 0 },
				"west": { "uv": [ 6, 2, 7, 3 ], "texture": "#Hemerald", "tintindex": 0 },
				"east": { "uv": [ 9, 2, 10, 3 ], "texture": "#Hemerald", "tintindex": 0 }
			}
		},
		{
			"__comment": "inner3",
			"from": [ 8.25, 12, 6 ],
			"to": [ 9.25, 13, 7 ],
			"faces": {
				"up": { "uv": [ 8.25, 6, 9.25, 7 ], "texture": "#koste7", "tintindex": 0 },
				"south": { "uv": [ 8.25, 3, 9.25, 4 ], "texture": "#koste7", "tintindex": 0 },
				"west": { "uv": [ 6, 3, 7, 4 ], "texture": "#koste7", "tintindex": 0 },
				"east": { "uv": [ 9, 3, 10, 4 ], "texture": "#koste7", "tintindex": 0 }
			}
		},
		{
			"__comment": "inner4",
			"from": [ 8.25, 2, 6 ],
			"to": [ 9.25, 3, 8 ],
			"faces": {
				"down": { "uv": [ 8.25, 8, 9.25, 10 ], "texture": "#koste7", "tintindex": 0 },
				"north": { "uv": [ 6.75, 13, 7.75, 14 ], "texture": "#koste7", "tintindex": 0 },
				"south": { "uv": [ 8.25, 13, 9.25, 14 ], "texture": "#koste7", "tintindex": 0 },
				"west": { "uv": [ 6, 13, 8, 14 ], "texture": "#koste7", "tintindex": 0 },
				"east": { "uv": [ 8, 13, 10, 14 ], "texture": "#koste7", "tintindex": 0 }
			}
		},
		{
			"__comment": "outer6",
			"from": [ 8.499, 1, 6 ],
			"to": [ 9, 2, 11 ],
			"faces": {
				"down": { "uv": [ 8.499, 5, 9, 10 ], "texture": "#Hemerald", "tintindex": 0 },
				"up": { "uv": [ 8.499, 6, 9, 11 ], "texture": "#Hemerald", "tintindex": 0 },
				"north": { "uv": [ 7, 14, 7.501, 15 ], "texture": "#Hemerald", "tintindex": 0 },
				"south": { "uv": [ 8.499, 14, 9, 15 ], "texture": "#Hemerald", "tintindex": 0 },
				"west": { "uv": [ 6, 14, 11, 15 ], "texture": "#Hemerald", "tintindex": 0 },
				"east": { "uv": [ 5, 14, 10, 15 ], "texture": "#Hemerald", "tintindex": 0 }
			}
		},
		{
			"__comment": "outer7",
			"from": [ 8.499, 11, 7 ],
			"to": [ 9, 13, 8 ],
			"faces": {
				"up": { "uv": [ 8.499, 7, 9, 8 ], "texture": "#Hemerald", "tintindex": 0 },
				"north": { "uv": [ 7, 3, 7.501, 5 ], "texture": "#Hemerald", "tintindex": 0 },
				"south": { "uv": [ 8.499, 3, 9, 5 ], "texture": "#Hemerald", "tintindex": 0 },
				"west": { "uv": [ 7, 3, 8, 5 ], "texture": "#Hemerald", "tintindex": 0 },
				"east": { "uv": [ 8, 3, 9, 5 ], "texture": "#Hemerald", "tintindex": 0 }
			}
		},
		{
			"__comment": "inner5",
			"from": [ 8.25, 5, 7 ],
			"to": [ 9.25, 11, 8 ],
			"faces": {
				"up": { "uv": [ 8.25, 7, 9.25, 8 ], "texture": "#koste7", "tintindex": 0 },
				"south": { "uv": [ 8.25, 5, 9.25, 11 ], "texture": "#koste7", "tintindex": 0 },
				"west": { "uv": [ 7, 5, 8, 11 ], "texture": "#koste7", "tintindex": 0 },
				"east": { "uv": [ 8, 5, 9, 11 ], "texture": "#koste7", "tintindex": 0 }
			}
		},
		{
			"__comment": "outer8",
			"from": [ 8.499, 2, 8 ],
			"to": [ 9, 11, 9 ],
			"faces": {
				"up": { "uv": [ 8.499, 8, 9, 9 ], "texture": "#Hemerald", "tintindex": 0 },
				"north": { "uv": [ 7, 5, 7.501, 14 ], "texture": "#Hemerald", "tintindex": 0 },
				"south": { "uv": [ 8.499, 5, 9, 14 ], "texture": "#Hemerald", "tintindex": 0 },
				"west": { "uv": [ 8, 5, 9, 14 ], "texture": "#Hemerald", "tintindex": 0 },
				"east": { "uv": [ 7, 5, 8, 14 ], "texture": "#Hemerald", "tintindex": 0 }
			}
		},
		{
			"__comment": "outer9",
			"from": [ 8.499, 11, 9 ],
			"to": [ 9, 13, 10 ],
			"faces": {
				"up": { "uv": [ 8.499, 9, 9, 10 ], "texture": "#Hemerald", "tintindex": 0 },
				"north": { "uv": [ 7, 3, 7.501, 5 ], "texture": "#Hemerald", "tintindex": 0 },
				"west": { "uv": [ 9, 3, 10, 5 ], "texture": "#Hemerald", "tintindex": 0 },
				"east": { "uv": [ 6, 3, 7, 5 ], "texture": "#Hemerald", "tintindex": 0 }
			}
		},
		{
			"__comment": "inner6",
			"from": [ 8.25, 5, 9 ],
			"to": [ 9.25, 11, 14 ],
			"faces": {
				"down": { "uv": [ 8.25, 2, 9.25, 7 ], "texture": "#koste7", "tintindex": 0 },
				"up": { "uv": [ 8.25, 9, 9.25, 14 ], "texture": "#koste7", "tintindex": 0 },
				"north": { "uv": [ 6.75, 5, 7.75, 11 ], "texture": "#koste7", "tintindex": 0 },
				"south": { "uv": [ 8.25, 5, 9.25, 11 ], "texture": "#koste7", "tintindex": 0 },
				"west": { "uv": [ 9, 5, 14, 11 ], "texture": "#koste7", "tintindex": 0 },
				"east": { "uv": [ 2, 5, 7, 11 ], "texture": "#koste7", "tintindex": 0 }
			}
		},
		{
			"__comment": "inner7",
			"from": [ 8.25, 3, 9 ],
			"to": [ 9.25, 5, 13 ],
			"faces": {
				"down": { "uv": [ 8.25, 3, 9.25, 7 ], "texture": "#koste7", "tintindex": 0 },
				"north": { "uv": [ 6.75, 11, 7.75, 13 ], "texture": "#koste7", "tintindex": 0 },
				"south": { "uv": [ 8.25, 11, 9.25, 13 ], "texture": "#koste7", "tintindex": 0 },
				"west": { "uv": [ 9, 11, 13, 13 ], "texture": "#koste7", "tintindex": 0 },
				"east": { "uv": [ 3, 11, 7, 13 ], "texture": "#koste7", "tintindex": 0 }
			}
		},
		{
			"__comment": "inner8",
			"from": [ 8.25, 2, 9 ],
			"to": [ 9.25, 3, 11 ],
			"faces": {
				"down": { "uv": [ 8.25, 5, 9.25, 7 ], "texture": "#koste7", "tintindex": 0 },
				"north": { "uv": [ 6.75, 13, 7.75, 14 ], "texture": "#koste7", "tintindex": 0 },
				"south": { "uv": [ 8.25, 13, 9.25, 14 ], "texture": "#koste7", "tintindex": 0 },
				"west": { "uv": [ 9, 13, 11, 14 ], "texture": "#koste7", "tintindex": 0 },
				"east": { "uv": [ 5, 13, 7, 14 ], "texture": "#koste7", "tintindex": 0 }
			}
		},
		{
			"__comment": "outer10",
			"from": [ 8.499, 13, 10 ],
			"to": [ 9, 14, 11 ],
			"faces": {
				"up": { "uv": [ 8.499, 10, 9, 11 ], "texture": "#Hemerald", "tintindex": 0 },
				"north": { "uv": [ 7, 2, 7.501, 3 ], "texture": "#Hemerald", "tintindex": 0 },
				"west": { "uv": [ 10, 2, 11, 3 ], "texture": "#Hemerald", "tintindex": 0 },
				"east": { "uv": [ 5, 2, 6, 3 ], "texture": "#Hemerald", "tintindex": 0 }
			}
		},
		{
			"__comment": "inner9",
			"from": [ 8.25, 11, 10 ],
			"to": [ 9.25, 13, 13 ],
			"faces": {
				"up": { "uv": [ 8.25, 10, 9.25, 13 ], "texture": "#koste7", "tintindex": 0 },
				"north": { "uv": [ 6.75, 3, 7.75, 5 ], "texture": "#koste7", "tintindex": 0 },
				"south": { "uv": [ 8.25, 3, 9.25, 5 ], "texture": "#koste7", "tintindex": 0 },
				"west": { "uv": [ 10, 3, 13, 5 ], "texture": "#koste7", "tintindex": 0 },
				"east": { "uv": [ 3, 3, 6, 5 ], "texture": "#koste7", "tintindex": 0 }
			}
		},
		{
			"__comment": "outer11",
			"from": [ 8.499, 14, 11 ],
			"to": [ 9, 15, 13 ],
			"faces": {
				"up": { "uv": [ 8.499, 11, 9, 13 ], "texture": "#Hemerald", "tintindex": 0 },
				"north": { "uv": [ 7, 1, 7.501, 2 ], "texture": "#Hemerald", "tintindex": 0 },
				"south": { "uv": [ 8.499, 1, 9, 2 ], "texture": "#Hemerald", "tintindex": 0 },
				"west": { "uv": [ 11, 1, 13, 2 ], "texture": "#Hemerald", "tintindex": 0 },
				"east": { "uv": [ 3, 1, 5, 2 ], "texture": "#Hemerald", "tintindex": 0 }
			}
		},
		{
			"__comment": "inner10",
			"from": [ 8.25, 13, 11 ],
			"to": [ 9.25, 14, 13 ],
			"faces": {
				"up": { "uv": [ 8.25, 11, 9.25, 13 ], "texture": "#koste7", "tintindex": 0 },
				"north": { "uv": [ 6.75, 2, 7.75, 3 ], "texture": "#koste7", "tintindex": 0 },
				"south": { "uv": [ 8.25, 2, 9.25, 3 ], "texture": "#koste7", "tintindex": 0 },
				"west": { "uv": [ 11, 2, 13, 3 ], "texture": "#koste7", "tintindex": 0 },
				"east": { "uv": [ 3, 2, 5, 3 ], "texture": "#koste7", "tintindex": 0 }
			}
		},
		{
			"__comment": "outer12",
			"from": [ 8.499, 2, 11 ],
			"to": [ 9, 3, 13 ],
			"faces": {
				"down": { "uv": [ 8.499, 3, 9, 5 ], "texture": "#Hemerald", "tintindex": 0 },
				"south": { "uv": [ 8.499, 13, 9, 14 ], "texture": "#Hemerald", "tintindex": 0 },
				"west": { "uv": [ 11, 13, 13, 14 ], "texture": "#Hemerald", "tintindex": 0 },
				"east": { "uv": [ 3, 13, 5, 14 ], "texture": "#Hemerald", "tintindex": 0 }
			}
		},
		{
			"__comment": "outer13",
			"from": [ 8.499, 12, 13 ],
			"to": [ 9, 14, 14 ],
			"faces": {
				"up": { "uv": [ 8.499, 13, 9, 14 ], "texture": "#Hemerald", "tintindex": 0 },
				"north": { "uv": [ 7, 2, 7.501, 4 ], "texture": "#Hemerald", "tintindex": 0 },
				"south": { "uv": [ 8.499, 2, 9, 4 ], "texture": "#Hemerald", "tintindex": 0 },
				"west": { "uv": [ 13, 2, 14, 4 ], "texture": "#Hemerald", "tintindex": 0 },
				"east": { "uv": [ 2, 2, 3, 4 ], "texture": "#Hemerald", "tintindex": 0 }
			}
		},
		{
			"__comment": "inner11",
			"from": [ 8.25, 11, 13 ],
			"to": [ 9.25, 12, 14 ],
			"faces": {
				"up": { "uv": [ 8.25, 13, 9.25, 14 ], "texture": "#koste7", "tintindex": 0 },
				"south": { "uv": [ 8.25, 4, 9.25, 5 ], "texture": "#koste7", "tintindex": 0 },
				"west": { "uv": [ 13, 4, 14, 5 ], "texture": "#koste7", "tintindex": 0 },
				"east": { "uv": [ 2, 4, 3, 5 ], "texture": "#koste7", "tintindex": 0 }
			}
		},
		{
			"__comment": "outer14",
			"from": [ 8.499, 3, 13 ],
			"to": [ 9, 5, 14 ],
			"faces": {
				"down": { "uv": [ 8.499, 2, 9, 3 ], "texture": "#Hemerald", "tintindex": 0 },
				"south": { "uv": [ 8.499, 11, 9, 13 ], "texture": "#Hemerald", "tintindex": 0 },
				"west": { "uv": [ 13, 11, 14, 13 ], "texture": "#Hemerald", "tintindex": 0 },
				"east": { "uv": [ 2, 11, 3, 13 ], "texture": "#Hemerald", "tintindex": 0 }
			}
		},
		{
			"__comment": "outer15",
			"from": [ 8.499, 5, 14 ],
			"to": [ 9, 12, 15 ],
			"faces": {
				"down": { "uv": [ 8.499, 1, 9, 2 ], "texture": "#Hemerald", "tintindex": 0 },
				"up": { "uv": [ 8.499, 14, 9, 15 ], "texture": "#Hemerald", "tintindex": 0 },
				"north": { "uv": [ 7, 4, 7.501, 11 ], "texture": "#Hemerald", "tintindex": 0 },
				"south": { "uv": [ 8.499, 4, 9, 11 ], "texture": "#Hemerald", "tintindex": 0 },
				"west": { "uv": [ 14, 4, 15, 11 ], "texture": "#Hemerald", "tintindex": 0 },
				"east": { "uv": [ 1, 4, 2, 11 ], "texture": "#Hemerald", "tintindex": 0 }
			}
		}
	],
	"display": {
		"thirdperson_righthand": {
			"rotation":  [ 0, 90, 0 ],
			"translation":  [ 0, 0.9, 1 ],
			"scale":  [ 0.41, 0.41, 0.41 ]
		},
		"thirdperson_lefthand": {
			"rotation":  [ 0, 90, 0 ],
			"translation":  [ 0, 0.9, 1 ],
			"scale":  [ 0.41, 0.41, 0.41 ]
		},
		"firstperson_righthand": {
			"rotation":  [ 11, 90, -25 ],
			"translation":  [ 1.13, 2, 1.13 ],
			"scale":  [ 0.4, 0.4, 0.4 ]
		},
		"firstperson_lefthand": {
			"rotation":  [ 11, 90, -25 ],
			"translation":  [ 1.13, 2, 1.13 ],
			"scale":  [ 0.4, 0.4, 0.4 ]
		},
		"gui": {
			"rotation":  [ 30, 60, 0 ],
			"translation":  [ -0.8, -0.5, 0 ]
		},
		"ground": {
			"translation":  [ 0, 3.5, 0 ],
			"scale":  [ 0.35, 0.35, 0.35 ]
		},
		"fixed": {
			"rotation":  [ 0, 90, 0 ],
			"translation":  [ -0.5, 0, 1.3 ],
			"scale":  [ 0.8, 0.8, 0.8 ]
		}
	},
    "_owner": "bGVvdGVjbm8wOQ=="
}