{
	"credit": "Made with Blockbench",
	"textures": {
		"sensor": "block/detector_rail",
		"detector": "block/rail/detector_rail_on"
	},
	"elements": [
		{
			"from": [6, 1, 6],
			"to": [10, 2.5, 10],
			"faces": {
				"north": {"uv": [6, 7, 10, 6], "rotation": 180, "texture": "#sensor"},
				"east": {"uv": [9, 10, 10, 6], "rotation": 270, "texture": "#sensor"},
				"south": {"uv": [6, 10, 10, 9], "texture": "#sensor"},
				"west": {"uv": [6, 6, 7, 10], "rotation": 270, "texture": "#sensor"},
				"up": {"uv": [6, 6, 10, 10], "texture": "#sensor"},
				"down": {"uv": [6, 6, 10, 10], "rotation": 270, "texture": "#sensor"}
			}
		},
		{
			"from": [10, 1, 5],
			"to": [11, 2, 11],
			"faces": {
				"north": {"uv": [10, 6, 11, 5], "rotation": 180, "texture": "#detector"},
				"east": {"uv": [10, 11, 11, 5], "rotation": 270, "texture": "#detector"},
				"south": {"uv": [10, 11, 11, 10], "texture": "#detector"},
				"west": {"uv": [10, 11, 11, 5], "rotation": 90, "texture": "#detector"},
				"up": {"uv": [10, 5, 11, 11], "texture": "#detector"},
				"down": {"uv": [10, 5, 11, 11], "rotation": 180, "texture": "#detector"}
			}
		},
		{
			"from": [5, 1, 5],
			"to": [6, 2, 11],
			"faces": {
				"north": {"uv": [5, 6, 6, 5], "rotation": 180, "texture": "#detector"},
				"east": {"uv": [5, 11, 6, 5], "rotation": 270, "texture": "#detector"},
				"south": {"uv": [5, 11, 6, 10], "texture": "#detector"},
				"west": {"uv": [5, 11, 6, 5], "rotation": 90, "texture": "#detector"},
				"up": {"uv": [5, 5, 6, 11], "texture": "#detector"},
				"down": {"uv": [5, 5, 6, 11], "rotation": 180, "texture": "#detector"}
			}
		},
		{
			"from": [6, 1, 5],
			"to": [10, 2, 6],
			"faces": {
				"north": {"uv": [6, 6, 10, 5], "rotation": 180, "texture": "#detector"},
				"east": {"uv": [9, 6, 10, 5], "rotation": 270, "texture": "#detector"},
				"south": {"uv": [6, 6, 10, 5], "texture": "#detector"},
				"west": {"uv": [6, 6, 7, 5], "rotation": 90, "texture": "#detector"},
				"up": {"uv": [6, 5, 10, 6], "texture": "#detector"},
				"down": {"uv": [6, 5, 10, 6], "rotation": 180, "texture": "#detector"}
			}
		},
		{
			"from": [6, 1, 10],
			"to": [10, 2, 11],
			"faces": {
				"north": {"uv": [6, 11, 10, 10], "rotation": 180, "texture": "#detector"},
				"east": {"uv": [9, 11, 10, 10], "rotation": 270, "texture": "#detector"},
				"south": {"uv": [6, 11, 10, 10], "texture": "#detector"},
				"west": {"uv": [6, 11, 7, 10], "rotation": 90, "texture": "#detector"},
				"up": {"uv": [6, 10, 10, 11], "texture": "#detector"},
				"down": {"uv": [6, 10, 10, 11], "rotation": 180, "texture": "#detector"}
			}
		}
	]
}
