{"textures": {"detector": "block/detector_rail", "rail": "block/rail", "particle": "block/rail"}, "elements": [{"from": [5, 9, 5.17], "to": [11, 10, 6.17], "rotation": {"angle": 45, "axis": "x", "origin": [8, 9.65, 8]}, "faces": {"north": {"uv": [5, 5, 11, 6], "rotation": 180, "texture": "#detector"}, "east": {"uv": [10, 5, 11, 6], "texture": "#detector"}, "south": {"uv": [5, 5, 11, 6], "texture": "#detector"}, "west": {"uv": [5, 5, 6, 6], "texture": "#detector"}, "up": {"uv": [5, 5, 11, 6], "texture": "#detector"}}}, {"from": [10, 9, 6.17], "to": [11, 10, 9.83], "rotation": {"angle": 45, "axis": "x", "origin": [8, 9.65, 8]}, "faces": {"east": {"uv": [10, 6, 11, 10], "rotation": 90, "texture": "#detector"}, "west": {"uv": [10, 6, 11, 10], "rotation": 270, "texture": "#detector"}, "up": {"uv": [10, 6, 11, 10], "texture": "#detector"}, "down": {"uv": [10, 6, 11, 10], "rotation": 180, "texture": "#detector"}}}, {"from": [5, 9, 9.83], "to": [11, 10, 10.83], "rotation": {"angle": 45, "axis": "x", "origin": [8, 9.65, 8]}, "faces": {"north": {"uv": [5, 10, 11, 11], "rotation": 180, "texture": "#detector"}, "east": {"uv": [10, 10, 11, 11], "texture": "#detector"}, "south": {"uv": [5, 10, 11, 11], "texture": "#detector"}, "west": {"uv": [5, 10, 6, 11], "texture": "#detector"}, "up": {"uv": [5, 10, 11, 11], "texture": "#detector"}}}, {"from": [5, 9, 6.17], "to": [6, 10, 9.83], "rotation": {"angle": 45, "axis": "x", "origin": [8, 9.65, 8]}, "faces": {"east": {"uv": [5, 6, 6, 10], "rotation": 90, "texture": "#detector"}, "west": {"uv": [5, 6, 6, 10], "rotation": 270, "texture": "#detector"}, "up": {"uv": [5, 6, 6, 10], "texture": "#detector"}, "down": {"uv": [5, 6, 6, 10], "rotation": 180, "texture": "#detector"}}}, {"from": [6, 9, 6.17], "to": [10, 10.75, 9.83], "rotation": {"angle": 45, "axis": "x", "origin": [8, 9.65, 8]}, "faces": {"north": {"uv": [6, 6, 10, 7], "rotation": 180, "texture": "#detector"}, "east": {"uv": [9, 6, 10, 10], "rotation": 90, "texture": "#detector"}, "south": {"uv": [6, 9, 10, 10], "texture": "#detector"}, "west": {"uv": [6, 6, 7, 10], "rotation": 270, "texture": "#detector"}, "up": {"uv": [6, 6, 10, 10], "texture": "#detector"}, "down": {"uv": [6, 6, 10, 10], "rotation": 270, "texture": "#detector"}}}, {"from": [2, 9, -3.32], "to": [3, 9.75, 19.32], "rotation": {"angle": 45, "axis": "x", "origin": [8, 9.65, 8]}, "faces": {"north": {"uv": [2, 0, 3, 1], "texture": "#rail"}, "south": {"uv": [2, 0, 3, 1], "texture": "#rail"}, "west": {"uv": [2, 0, 3, 16], "rotation": 270, "texture": "#rail"}, "up": {"uv": [2, 0, 3, 16], "texture": "#rail"}, "down": {"uv": [2, 0, 3, 16], "rotation": 180, "texture": "#rail"}}}, {"from": [3, 9, -3.32], "to": [4, 10.5, 19.32], "rotation": {"angle": 45, "axis": "x", "origin": [8, 9.65, 8]}, "faces": {"north": {"uv": [3, 0, 4, 1], "texture": "#rail"}, "east": {"uv": [3, 0, 4, 16], "rotation": 90, "texture": "#rail"}, "south": {"uv": [3, 0, 4, 1], "texture": "#rail"}, "west": {"uv": [3, 0, 4, 16], "rotation": 270, "texture": "#rail"}, "up": {"uv": [3, 0, 4, 16], "texture": "#rail"}, "down": {"uv": [3, 0, 4, 16], "rotation": 180, "texture": "#rail"}}}, {"from": [13, 9, -3.32], "to": [14, 9.75, 19.32], "rotation": {"angle": 45, "axis": "x", "origin": [8, 9.65, 8]}, "faces": {"north": {"uv": [13, 0, 14, 1], "texture": "#rail"}, "east": {"uv": [13, 0, 14, 16], "rotation": 90, "texture": "#rail"}, "south": {"uv": [13, 0, 14, 1], "texture": "#rail"}, "up": {"uv": [13, 0, 14, 16], "texture": "#rail"}, "down": {"uv": [13, 0, 14, 16], "rotation": 180, "texture": "#rail"}}}, {"from": [12, 9, -3.32], "to": [13, 10.5, 19.32], "rotation": {"angle": 45, "axis": "x", "origin": [8, 9.65, 8]}, "faces": {"north": {"uv": [12, 0, 13, 1], "texture": "#rail"}, "east": {"uv": [12, 0, 13, 16], "rotation": 90, "texture": "#rail"}, "south": {"uv": [12, 0, 13, 1], "texture": "#rail"}, "west": {"uv": [12, 0, 13, 16], "rotation": 270, "texture": "#rail"}, "up": {"uv": [12, 0, 13, 16], "texture": "#rail"}, "down": {"uv": [12, 0, 13, 16], "rotation": 180, "texture": "#rail"}}}, {"from": [13, 8, 4.17], "to": [15, 9, 6.17], "rotation": {"angle": 45, "axis": "x", "origin": [8, 9.65, 8]}, "faces": {"north": {"uv": [15, 5, 14, 6], "texture": "#rail"}, "east": {"uv": [14, 7, 15, 5], "rotation": 270, "texture": "#rail"}, "south": {"uv": [14, 7, 15, 6], "rotation": 270, "texture": "#rail"}, "up": {"uv": [15, 5, 14, 7], "texture": "#rail"}, "down": {"uv": [15, 5, 14, 7], "rotation": 180, "texture": "#rail"}}}, {"from": [4, 8, 4.17], "to": [12, 9, 6.17], "rotation": {"angle": 45, "axis": "x", "origin": [8, 9.65, 8]}, "faces": {"north": {"uv": [4, 5, 12, 6], "texture": "#rail"}, "south": {"uv": [4, 6, 12, 7], "texture": "#rail"}, "up": {"uv": [4, 5, 12, 7], "texture": "#rail"}, "down": {"uv": [4, 5, 12, 7], "rotation": 180, "texture": "#rail"}}}, {"from": [1, 8, 4.17], "to": [3, 9, 6.17], "rotation": {"angle": 45, "axis": "x", "origin": [8, 9.65, 8]}, "faces": {"north": {"uv": [1, 5, 2, 6], "texture": "#rail"}, "south": {"uv": [1, 6, 2, 7], "rotation": 270, "texture": "#rail"}, "west": {"uv": [1, 5, 2, 7], "rotation": 270, "texture": "#rail"}, "up": {"uv": [1, 5, 2, 7], "texture": "#rail"}, "down": {"uv": [1, 5, 2, 7], "rotation": 180, "texture": "#rail"}}}, {"from": [3, 8, 4.17], "to": [4, 9, 6.17], "rotation": {"angle": 45, "axis": "x", "origin": [8, 9.65, 8]}, "faces": {"north": {"uv": [4, 5, 5, 6], "texture": "#rail"}, "south": {"uv": [4, 6, 5, 7], "rotation": 270, "texture": "#rail"}, "down": {"uv": [4, 5, 5, 7], "rotation": 180, "texture": "#rail"}}}, {"from": [12, 8, 4.17], "to": [13, 9, 6.17], "rotation": {"angle": 45, "axis": "x", "origin": [8, 9.65, 8]}, "faces": {"north": {"uv": [12, 5, 11, 6], "texture": "#rail"}, "south": {"uv": [11, 7, 12, 6], "rotation": 270, "texture": "#rail"}, "down": {"uv": [12, 5, 11, 7], "rotation": 180, "texture": "#rail"}}}, {"from": [13, 8, 9.83], "to": [15, 9, 11.83], "rotation": {"angle": 45, "axis": "x", "origin": [8, 9.65, 8]}, "faces": {"north": {"uv": [15, 9, 14, 10], "texture": "#rail"}, "east": {"uv": [14, 11, 15, 9], "rotation": 270, "texture": "#rail"}, "south": {"uv": [14, 11, 15, 10], "rotation": 270, "texture": "#rail"}, "up": {"uv": [15, 9, 14, 11], "texture": "#rail"}, "down": {"uv": [15, 9, 14, 11], "rotation": 180, "texture": "#rail"}}}, {"from": [4, 8, 9.83], "to": [12, 9, 11.83], "rotation": {"angle": 45, "axis": "x", "origin": [8, 9.65, 8]}, "faces": {"north": {"uv": [4, 9, 12, 10], "texture": "#rail"}, "south": {"uv": [4, 10, 12, 11], "texture": "#rail"}, "up": {"uv": [4, 9, 12, 11], "texture": "#rail"}, "down": {"uv": [4, 9, 12, 11], "rotation": 180, "texture": "#rail"}}}, {"from": [1, 8, 9.83], "to": [3, 9, 11.83], "rotation": {"angle": 45, "axis": "x", "origin": [8, 9.65, 8]}, "faces": {"north": {"uv": [1, 9, 2, 10], "texture": "#rail"}, "south": {"uv": [1, 10, 2, 11], "rotation": 270, "texture": "#rail"}, "west": {"uv": [1, 9, 2, 11], "rotation": 270, "texture": "#rail"}, "up": {"uv": [1, 9, 2, 11], "texture": "#rail"}, "down": {"uv": [1, 9, 2, 11], "rotation": 180, "texture": "#rail"}}}, {"from": [3, 8, 9.83], "to": [4, 9, 11.83], "rotation": {"angle": 45, "axis": "x", "origin": [8, 9.65, 8]}, "faces": {"north": {"uv": [4, 9, 5, 10], "texture": "#rail"}, "south": {"uv": [4, 10, 5, 11], "rotation": 270, "texture": "#rail"}, "down": {"uv": [4, 9, 5, 11], "rotation": 180, "texture": "#rail"}}}, {"from": [12, 8, 9.83], "to": [13, 9, 11.83], "rotation": {"angle": 45, "axis": "x", "origin": [8, 9.65, 8]}, "faces": {"north": {"uv": [12, 9, 11, 10], "texture": "#rail"}, "south": {"uv": [11, 11, 12, 10], "rotation": 270, "texture": "#rail"}, "down": {"uv": [12, 9, 11, 11], "rotation": 180, "texture": "#rail"}}}, {"from": [13, 8, 15.49], "to": [15, 9, 17.49], "rotation": {"angle": 45, "axis": "x", "origin": [8, 9.65, 8]}, "faces": {"north": {"uv": [15, 13, 14, 14], "texture": "#rail"}, "east": {"uv": [14, 15, 15, 13], "rotation": 270, "texture": "#rail"}, "south": {"uv": [14, 15, 15, 14], "rotation": 270, "texture": "#rail"}, "up": {"uv": [15, 13, 14, 15], "texture": "#rail"}, "down": {"uv": [15, 13, 14, 15], "rotation": 180, "texture": "#rail"}}}, {"from": [4, 8, 15.49], "to": [12, 9, 17.49], "rotation": {"angle": 45, "axis": "x", "origin": [8, 9.65, 8]}, "faces": {"north": {"uv": [4, 13, 12, 14], "texture": "#rail"}, "south": {"uv": [4, 14, 12, 15], "texture": "#rail"}, "up": {"uv": [4, 13, 12, 15], "texture": "#rail"}, "down": {"uv": [4, 13, 12, 15], "rotation": 180, "texture": "#rail"}}}, {"from": [1, 8, 15.49], "to": [3, 9, 17.49], "rotation": {"angle": 45, "axis": "x", "origin": [8, 9.65, 8]}, "faces": {"north": {"uv": [1, 13, 2, 14], "texture": "#rail"}, "south": {"uv": [1, 14, 2, 15], "rotation": 270, "texture": "#rail"}, "west": {"uv": [1, 13, 2, 15], "rotation": 270, "texture": "#rail"}, "up": {"uv": [1, 13, 2, 15], "texture": "#rail"}, "down": {"uv": [1, 13, 2, 15], "rotation": 180, "texture": "#rail"}}}, {"from": [3, 8, 15.49], "to": [4, 9, 17.49], "rotation": {"angle": 45, "axis": "x", "origin": [8, 9.65, 8]}, "faces": {"north": {"uv": [4, 13, 5, 14], "texture": "#rail"}, "south": {"uv": [4, 14, 5, 15], "rotation": 270, "texture": "#rail"}, "down": {"uv": [4, 13, 5, 15], "rotation": 180, "texture": "#rail"}}}, {"from": [12, 8, 15.49], "to": [13, 9, 17.49], "rotation": {"angle": 45, "axis": "x", "origin": [8, 9.65, 8]}, "faces": {"north": {"uv": [12, 13, 11, 14], "texture": "#rail"}, "south": {"uv": [11, 15, 12, 14], "rotation": 270, "texture": "#rail"}, "down": {"uv": [12, 13, 11, 15], "rotation": 180, "texture": "#rail"}}}, {"from": [1, 8, -1.49], "to": [3, 9, 0.51], "rotation": {"angle": 45, "axis": "x", "origin": [8, 9.65, 8]}, "faces": {"north": {"uv": [1, 1, 2, 2], "texture": "#rail"}, "south": {"uv": [1, 2, 2, 3], "rotation": 270, "texture": "#rail"}, "west": {"uv": [1, 1, 2, 3], "rotation": 270, "texture": "#rail"}, "up": {"uv": [1, 1, 2, 3], "texture": "#rail"}, "down": {"uv": [1, 1, 2, 3], "rotation": 180, "texture": "#rail"}}}, {"from": [12, 8, -1.49], "to": [13, 9, 0.51], "rotation": {"angle": 45, "axis": "x", "origin": [8, 9.65, 8]}, "faces": {"north": {"uv": [12, 1, 11, 2], "texture": "#rail"}, "south": {"uv": [11, 3, 12, 2], "rotation": 270, "texture": "#rail"}, "down": {"uv": [12, 1, 11, 3], "rotation": 180, "texture": "#rail"}}}, {"from": [13, 8, -1.49], "to": [15, 9, 0.51], "rotation": {"angle": 45, "axis": "x", "origin": [8, 9.65, 8]}, "faces": {"north": {"uv": [15, 1, 14, 2], "texture": "#rail"}, "east": {"uv": [14, 3, 15, 1], "rotation": 270, "texture": "#rail"}, "south": {"uv": [14, 3, 15, 2], "rotation": 270, "texture": "#rail"}, "up": {"uv": [15, 1, 14, 3], "texture": "#rail"}, "down": {"uv": [15, 1, 14, 3], "rotation": 180, "texture": "#rail"}}}, {"from": [3, 8, -1.49], "to": [4, 9, 0.51], "rotation": {"angle": 45, "axis": "x", "origin": [8, 9.65, 8]}, "faces": {"north": {"uv": [4, 1, 5, 2], "texture": "#rail"}, "south": {"uv": [4, 2, 5, 3], "rotation": 270, "texture": "#rail"}, "down": {"uv": [4, 1, 5, 3], "rotation": 180, "texture": "#rail"}}}, {"from": [4, 8, -1.49], "to": [12, 9, 0.51], "rotation": {"angle": 45, "axis": "x", "origin": [8, 9.65, 8]}, "faces": {"north": {"uv": [4, 1, 12, 2], "texture": "#rail"}, "south": {"uv": [4, 2, 12, 3], "texture": "#rail"}, "up": {"uv": [4, 1, 12, 3], "texture": "#rail"}, "down": {"uv": [4, 1, 12, 3], "rotation": 180, "texture": "#rail"}}}]}