{
	"credit": "Re-edited by LeoTecno",
	"texture_size": [64, 64],
	"elements": [
		{
			"from": [0, 0, 0],
			"to": [1, 32, 1],
			"rotation": {"angle": 45, "axis": "x", "origin": [8, 0, 1]},
			"faces": {
				"north": {"uv": [7, 2.5, 7.25, 10.5], "texture": "#texture"},
				"east": {"uv": [7.25, 2.5, 7.5, 10.5], "texture": "#texture"},
				"south": {"uv": [7.5, 2.5, 7.75, 10.5], "texture": "#texture"},
				"west": {"uv": [7.75, 2.5, 8, 10.5], "texture": "#texture"},
				"up": {"uv": [8.5, 5.25, 8.25, 5], "texture": "#texture"},
				"down": {"uv": [5.5, 8.25, 5.25, 8.5], "texture": "#texture"}
			}
		},
		{
			"from": [15, 0, 0],
			"to": [16, 32, 1],
			"rotation": {"angle": 45, "axis": "x", "origin": [8, 0, 1]},
			"faces": {
				"north": {"uv": [0, 8, 0.25, 16], "texture": "#texture"},
				"east": {"uv": [0.25, 8, 0.5, 16], "texture": "#texture"},
				"south": {"uv": [0.5, 8, 0.75, 16], "texture": "#texture"},
				"west": {"uv": [0.75, 8, 1, 16], "texture": "#texture"},
				"up": {"uv": [8.5, 5.5, 8.25, 5.25], "texture": "#texture"},
				"down": {"uv": [5.75, 8.25, 5.5, 8.5], "texture": "#texture"}
			}
		},
		{
			"from": [1, 3, 0],
			"to": [15, 4, 1],
			"rotation": {"angle": 45, "axis": "x", "origin": [8, 0, 1]},
			"faces": {
				"north": {"uv": [1.75, 8.25, 5.25, 8.5], "texture": "#texture"},
				"east": {"uv": [8.25, 5.5, 8.5, 5.75], "texture": "#texture"},
				"south": {"uv": [8.25, 3.25, 11.75, 3.5], "texture": "#texture"},
				"west": {"uv": [5.75, 8.25, 6, 8.5], "texture": "#texture"},
				"up": {"uv": [11.75, 3.75, 8.25, 3.5], "texture": "#texture"},
				"down": {"uv": [11.75, 3.75, 8.25, 4], "texture": "#texture"}
			}
		},
		{
			"from": [1, 30, 0],
			"to": [15, 31, 1],
			"rotation": {"angle": 45, "axis": "x", "origin": [8, 0, 1]},
			"faces": {
				"north": {"uv": [8.25, 4, 11.75, 4.25], "texture": "#texture"},
				"east": {"uv": [8.25, 5.75, 8.5, 6], "texture": "#texture"},
				"south": {"uv": [8.25, 4.25, 11.75, 4.5], "texture": "#texture"},
				"west": {"uv": [6, 8.25, 6.25, 8.5], "texture": "#texture"},
				"up": {"uv": [11.75, 4.75, 8.25, 4.5], "texture": "#texture"},
				"down": {"uv": [11.75, 4.75, 8.25, 5], "texture": "#texture"}
			}
		},
		{
			"from": [1, 8, 0.5],
			"to": [15, 30, 0.5],
			"rotation": {"angle": 45, "axis": "x", "origin": [8, 0, 1]},
			"faces": {
				"north": {"uv": [0, 0, 3.5, 5.5], "texture": "#texture"},
				"east": {"uv": [0, 0, 0, 5.5], "texture": "#texture"},
				"south": {"uv": [7, 0, 3.5, 5.5], "texture": "#texture"},
				"west": {"uv": [0, 0, 0, 5.5], "texture": "#texture"},
				"up": {"uv": [3.5, 0, 0, 0], "texture": "#texture"},
				"down": {"uv": [3.5, 0, 0, 0], "texture": "#texture"}
			}
		},
		{
			"from": [0.01, 0, -9],
			"to": [1.01, 1, 15],
			"rotation": {"angle": 22.5, "axis": "x", "origin": [8, 0, 15]},
			"faces": {
				"north": {"uv": [8.25, 6, 8.5, 6.25], "texture": "#texture"},
				"east": {"uv": [1, 8, 7, 8.25], "texture": "#texture"},
				"south": {"uv": [6.25, 8.25, 6.5, 8.5], "texture": "#texture"},
				"west": {"uv": [8, 2.5, 14, 2.75], "texture": "#texture"},
				"up": {"uv": [8.25, 8.75, 8, 2.75], "texture": "#texture"},
				"down": {"uv": [1.25, 8.25, 1, 14.25], "texture": "#texture"}
			}
		},
		{
			"from": [14.99, 0, -9],
			"to": [15.99, 1, 15],
			"rotation": {"angle": 22.5, "axis": "x", "origin": [8, 0, 15]},
			"faces": {
				"north": {"uv": [8.25, 6.25, 8.5, 6.5], "texture": "#texture"},
				"east": {"uv": [8.25, 2.75, 14.25, 3], "texture": "#texture"},
				"south": {"uv": [6.5, 8.25, 6.75, 8.5], "texture": "#texture"},
				"west": {"uv": [8.25, 3, 14.25, 3.25], "texture": "#texture"},
				"up": {"uv": [1.5, 14.25, 1.25, 8.25], "texture": "#texture"},
				"down": {"uv": [1.75, 8.25, 1.5, 14.25], "texture": "#texture"}
			}
		},
		{
			"from": [1, 7.73292, -7.36237],
			"to": [15, 7.73292, 2.63763],
			"rotation": {"angle": 22.5, "axis": "x", "origin": [8, 7.73292, -2.36237]},
			"faces": {
				"north": {"uv": [0, 0, 3.5, 0], "texture": "#texture"},
				"east": {"uv": [0, 0, 2.5, 0], "texture": "#texture"},
				"south": {"uv": [0, 0, 3.5, 0], "texture": "#texture"},
				"west": {"uv": [0, 0, 2.5, 0], "texture": "#texture"},
				"up": {"uv": [3.5, 8, 0, 5.5], "texture": "#texture"},
				"down": {"uv": [7, 5.5, 3.5, 8], "texture": "#texture"}
			}
		},
		{
			"from": [1, 5.9, 1.63763],
			"to": [15, 5.9, 6.63763],
			"rotation": {"angle": 0, "axis": "x", "origin": [8, 7.73292, -2.36237]},
			"faces": {
				"north": {"uv": [0, 0, 3.5, 0], "texture": "#texture"},
				"east": {"uv": [0, 0, 1.25, 0], "texture": "#texture"},
				"south": {"uv": [0, 0, 3.5, 0], "texture": "#texture"},
				"west": {"uv": [0, 0, 1.25, 0], "texture": "#texture"},
				"up": {"uv": [10.5, 1.25, 7, 0], "texture": "#texture"},
				"down": {"uv": [10.5, 1.25, 7, 2.5], "texture": "#texture"}
			}
		}
	],
	"display": {
		"thirdperson_righthand": {
			"rotation": [75, 45, 0],
			"translation": [0, 2.5, 0],
			"scale": [0.375, 0.375, 0.375]
		},
		"thirdperson_lefthand": {
			"rotation": [75, 45, 0],
			"translation": [0, 2.5, 0],
			"scale": [0.375, 0.375, 0.375]
		},
		"firstperson_righthand": {
			"rotation": [0, 45, 0],
			"scale": [0.4, 0.4, 0.4]
		},
		"firstperson_lefthand": {
			"rotation": [0, 225, 0],
			"scale": [0.4, 0.4, 0.4]
		},
		"ground": {
			"translation": [0, -2.75, 0],
			"scale": [0.25, 0.25, 0.25]
		},
		"gui": {
			"rotation": [30, 225, 0],
			"scale": [0.625, 0.625, 0.625]
		},
		"fixed": {
			"rotation": [-90, 0, 0],
			"translation": [0, 0, -14.75],
			"scale": [2, 2, 2]
		}
	},
	"groups": [
		{
			"name": "big_line",
			"origin": [8, 1, 1],
			"color": 0,
			"children": [0, 1, 2, 3, 4]
		},
		{
			"name": "small_line",
			"origin": [8, 0, 15],
			"color": 0,
			"children": [5, 6, 7, 8]
		}
	]
}