{
	"credit": "Re-edited by LeoTecno",
	"texture_size": [64, 64],
	"elements": [
		{
			"from": [7, 0, 7],
			"to": [9, 16, 9],
			"faces": {
				"north": {"uv": [1, 13.33333, 1.33333, 16], "texture": "#texture"},
				"east": {"uv": [1, 13.33333, 1.33333, 16], "texture": "#texture"},
				"south": {"uv": [1, 13.33333, 1.33333, 16], "texture": "#texture"},
				"west": {"uv": [1, 13.33333, 1.33333, 16], "texture": "#texture"},
				"up": {"uv": [2.16667, 13.33333, 2.5, 13.66667], "texture": "#texture"},
				"down": {"uv": [2.16667, 14, 2.5, 14.33333], "texture": "#texture"}
			}
		},
		{
			"from": [7, 15.99, 7],
			"to": [9, 31.99, 9],
			"faces": {
				"north": {"uv": [1, 13.33333, 1.33333, 16], "texture": "#texture"},
				"east": {"uv": [1, 13.33333, 1.33333, 16], "texture": "#texture"},
				"south": {"uv": [1, 13.33333, 1.33333, 16], "texture": "#texture"},
				"west": {"uv": [1, 13.33333, 1.33333, 16], "texture": "#texture"},
				"up": {"uv": [2.16667, 13.33333, 2.5, 13.66667], "texture": "#texture"},
				"down": {"uv": [2.16667, 14, 2.5, 14.33333], "texture": "#texture"}
			}
		},
		{
			"from": [7, 23, 0],
			"to": [9, 25, 16],
			"rotation": {"angle": -45, "axis": "y", "origin": [8, 20, 8]},
			"faces": {
				"north": {"uv": [2.16667, 13.33333, 2.5, 13.66667], "rotation": 90, "texture": "#texture"},
				"east": {"uv": [1, 13.33333, 1.33333, 16], "rotation": 90, "texture": "#texture"},
				"south": {"uv": [2.16667, 14, 2.5, 14.33333], "rotation": 90, "texture": "#texture"},
				"west": {"uv": [1, 13.33333, 1.33333, 16], "rotation": 270, "texture": "#texture"},
				"up": {"uv": [1, 13.33333, 1.33333, 16], "texture": "#texture"},
				"down": {"uv": [1, 13.33333, 1.33333, 16], "rotation": 180, "texture": "#texture"}
			}
		},
		{
			"from": [7, 23, -16],
			"to": [9, 25, 0],
			"rotation": {"angle": -45, "axis": "y", "origin": [8, 20, 8]},
			"faces": {
				"north": {"uv": [2.16667, 13.33333, 2.5, 13.66667], "rotation": 90, "texture": "#texture"},
				"east": {"uv": [1, 13.33333, 1.33333, 16], "rotation": 90, "texture": "#texture"},
				"south": {"uv": [2.16667, 14, 2.5, 14.33333], "rotation": 90, "texture": "#texture"},
				"west": {"uv": [1, 13.33333, 1.33333, 16], "rotation": 270, "texture": "#texture"},
				"up": {"uv": [1, 13.33333, 1.33333, 16], "texture": "#texture"},
				"down": {"uv": [1, 13.33333, 1.33333, 16], "rotation": 180, "texture": "#texture"}
			}
		},
		{
			"from": [7, 23, 16],
			"to": [9, 25, 32],
			"rotation": {"angle": -45, "axis": "y", "origin": [8, 20, 8]},
			"faces": {
				"north": {"uv": [2.16667, 13.33333, 2.5, 13.66667], "rotation": 90, "texture": "#texture"},
				"east": {"uv": [1, 13.33333, 1.33333, 16], "rotation": 90, "texture": "#texture"},
				"south": {"uv": [2.16667, 14, 2.5, 14.33333], "rotation": 90, "texture": "#texture"},
				"west": {"uv": [1, 13.33333, 1.33333, 16], "rotation": 270, "texture": "#texture"},
				"up": {"uv": [1, 13.33333, 1.33333, 16], "texture": "#texture"},
				"down": {"uv": [1, 13.33333, 1.33333, 16], "rotation": 180, "texture": "#texture"}
			}
		},
		{
			"from": [-16, 23, 7],
			"to": [0, 25, 9],
			"rotation": {"angle": -45, "axis": "y", "origin": [8, 20, 8]},
			"faces": {
				"north": {"uv": [1, 13.33333, 1.33333, 16], "rotation": 270, "texture": "#texture"},
				"east": {"uv": [2.16667, 13.33333, 2.5, 13.66667], "rotation": 90, "texture": "#texture"},
				"south": {"uv": [1, 13.33333, 1.33333, 16], "rotation": 90, "texture": "#texture"},
				"west": {"uv": [2.16667, 14, 2.5, 14.33333], "rotation": 90, "texture": "#texture"},
				"up": {"uv": [1, 13.33333, 1.33333, 16], "rotation": 90, "texture": "#texture"},
				"down": {"uv": [1, 13.33333, 1.33333, 16], "rotation": 90, "texture": "#texture"}
			}
		},
		{
			"from": [0, 23, 7],
			"to": [16, 25, 9],
			"rotation": {"angle": -45, "axis": "y", "origin": [8, 20, 8]},
			"faces": {
				"north": {"uv": [1, 13.33333, 1.33333, 16], "rotation": 270, "texture": "#texture"},
				"east": {"uv": [2.16667, 13.33333, 2.5, 13.66667], "rotation": 90, "texture": "#texture"},
				"south": {"uv": [1, 13.33333, 1.33333, 16], "rotation": 90, "texture": "#texture"},
				"west": {"uv": [2.16667, 14, 2.5, 14.33333], "rotation": 90, "texture": "#texture"},
				"up": {"uv": [1, 13.33333, 1.33333, 16], "rotation": 90, "texture": "#texture"},
				"down": {"uv": [1, 13.33333, 1.33333, 16], "rotation": 90, "texture": "#texture"}
			}
		},
		{
			"from": [16, 23, 7],
			"to": [32, 25, 9],
			"rotation": {"angle": -45, "axis": "y", "origin": [8, 20, 8]},
			"faces": {
				"north": {"uv": [1, 13.33333, 1.33333, 16], "rotation": 270, "texture": "#texture"},
				"east": {"uv": [2.16667, 13.33333, 2.5, 13.66667], "rotation": 90, "texture": "#texture"},
				"south": {"uv": [1, 13.33333, 1.33333, 16], "rotation": 90, "texture": "#texture"},
				"west": {"uv": [2.16667, 14, 2.5, 14.33333], "rotation": 90, "texture": "#texture"},
				"up": {"uv": [1, 13.33333, 1.33333, 16], "rotation": 90, "texture": "#texture"},
				"down": {"uv": [1, 13.33333, 1.33333, 16], "rotation": 90, "texture": "#texture"}
			}
		},
		{
			"from": [7, -16, 7],
			"to": [9, 0, 9],
			"faces": {
				"north": {"uv": [1, 13.33333, 1.33333, 16], "texture": "#texture"},
				"east": {"uv": [1, 13.33333, 1.33333, 16], "texture": "#texture"},
				"south": {"uv": [1, 13.33333, 1.33333, 16], "texture": "#texture"},
				"west": {"uv": [1, 13.33333, 1.33333, 16], "texture": "#texture"},
				"up": {"uv": [2.16667, 13.33333, 2.5, 13.66667], "texture": "#texture"},
				"down": {"uv": [2.16667, 14, 2.5, 14.33333], "texture": "#texture"}
			}
		},
		{
			"from": [0, 32, -16],
			"to": [32, 32, 32],
			"rotation": {"angle": -22.5, "axis": "z", "origin": [8, 32, 8]},
			"faces": {
				"north": {"uv": [0, 0, 6, 0], "texture": "#texture"},
				"east": {"uv": [0, 0, 12, 0], "texture": "#texture"},
				"south": {"uv": [0, 0, 6, 0], "texture": "#texture"},
				"west": {"uv": [0, 0, 12, 0], "texture": "#texture"},
				"up": {"uv": [8, 5.33333, 0, 0], "rotation": 90, "texture": "#texture"},
				"down": {"uv": [8, 5.33333, 0, 10.66667], "rotation": 270, "texture": "#texture"}
			}
		},
		{
			"from": [-16, 32, -16],
			"to": [16, 32, 32],
			"rotation": {"angle": 22.5, "axis": "z", "origin": [8, 32, 8]},
			"faces": {
				"north": {"uv": [0, 0, 6, 0], "texture": "#texture"},
				"east": {"uv": [0, 0, 12, 0], "texture": "#texture"},
				"south": {"uv": [0, 0, 6, 0], "texture": "#texture"},
				"west": {"uv": [0, 0, 12, 0], "texture": "#texture"},
				"up": {"uv": [8, 5.33333, 0, 0], "rotation": 270, "texture": "#texture"},
				"down": {"uv": [8, 5.33333, 0, 10.66667], "rotation": 90, "texture": "#texture"}
			}
		},
		{
			"from": [-16, 32, -16],
			"to": [32, 32, 16],
			"rotation": {"angle": -22.5, "axis": "x", "origin": [8, 32, 8]},
			"faces": {
				"north": {"uv": [0, 0, 12, 0], "texture": "#texture"},
				"east": {"uv": [0, 0, 6, 0], "texture": "#texture"},
				"south": {"uv": [0, 0, 12, 0], "texture": "#texture"},
				"west": {"uv": [0, 0, 6, 0], "texture": "#texture"},
				"up": {"uv": [16, 5.33333, 8, 0], "texture": "#texture"},
				"down": {"uv": [16, 5.33333, 8, 10.66667], "texture": "#texture"}
			}
		},
		{
			"from": [-16, 32, 0],
			"to": [32, 32, 32],
			"rotation": {"angle": 22.5, "axis": "x", "origin": [8, 32, 8]},
			"faces": {
				"north": {"uv": [0, 0, 12, 0], "texture": "#texture"},
				"east": {"uv": [0, 0, 6, 0], "texture": "#texture"},
				"south": {"uv": [0, 0, 12, 0], "texture": "#texture"},
				"west": {"uv": [0, 0, 6, 0], "texture": "#texture"},
				"up": {"uv": [16, 5.33333, 8, 0], "rotation": 180, "texture": "#texture"},
				"down": {"uv": [16, 5.33333, 8, 10.66667], "rotation": 180, "texture": "#texture"}
			}
		},
		{
			"from": [8, 13, 0],
			"to": [8, 29, 16],
			"rotation": {"angle": 0, "axis": "y", "origin": [8, 8, 8]},
			"faces": {
				"north": {"uv": [0, 0, 0, 4], "texture": "#missing"},
				"east": {"uv": [2.66667, 13.33333, 5.33333, 16], "texture": "#texture"},
				"south": {"uv": [0, 0, 0, 4], "texture": "#missing"},
				"west": {"uv": [2.66667, 13.33333, 5.33333, 16], "texture": "#texture"},
				"up": {"uv": [0, 0, 0, 4], "texture": "#missing"},
				"down": {"uv": [0, 0, 0, 4], "texture": "#missing"}
			}
		},
		{
			"from": [0, 13, 8],
			"to": [16, 29, 8],
			"rotation": {"angle": 0, "axis": "y", "origin": [8, 8, 8]},
			"faces": {
				"north": {"uv": [2.66667, 13.33333, 5.33333, 16], "texture": "#texture"},
				"east": {"uv": [0, 0, 0, 4], "texture": "#missing"},
				"south": {"uv": [2.66667, 13.33333, 5.33333, 16], "texture": "#texture"},
				"west": {"uv": [0, 0, 0, 4], "texture": "#missing"},
				"up": {"uv": [0, 0, 0, 4], "rotation": 270, "texture": "#missing"},
				"down": {"uv": [0, 0, 0, 4], "rotation": 90, "texture": "#missing"}
			}
		},
		{
			"from": [0, -9, 8],
			"to": [16, 7, 8],
			"rotation": {"angle": -45, "axis": "y", "origin": [8, 8, 8]},
			"faces": {
				"north": {"uv": [2.66667, 13.33333, 5.33333, 16], "texture": "#texture"},
				"east": {"uv": [0, 0, 0, 4], "texture": "#missing"},
				"south": {"uv": [2.66667, 13.33333, 5.33333, 16], "texture": "#texture"},
				"west": {"uv": [0, 0, 0, 4], "texture": "#missing"},
				"up": {"uv": [0, 0, 0, 4], "rotation": 270, "texture": "#missing"},
				"down": {"uv": [0, 0, 0, 4], "rotation": 90, "texture": "#missing"}
			}
		},
		{
			"from": [8, -9, 0],
			"to": [8, 7, 16],
			"rotation": {"angle": -45, "axis": "y", "origin": [8, 8, 8]},
			"faces": {
				"north": {"uv": [0, 0, 0, 4], "texture": "#missing"},
				"east": {"uv": [2.66667, 13.33333, 5.33333, 16], "texture": "#texture"},
				"south": {"uv": [0, 0, 0, 4], "texture": "#missing"},
				"west": {"uv": [2.66667, 13.33333, 5.33333, 16], "texture": "#texture"},
				"up": {"uv": [0, 0, 0, 4], "rotation": 180, "texture": "#missing"},
				"down": {"uv": [0, 0, 0, 4], "rotation": 180, "texture": "#missing"}
			}
		},
		{
			"name": "top",
			"from": [6, 31, 6],
			"to": [10, 32, 10],
			"rotation": {"angle": 0, "axis": "y", "origin": [8, 31.5, 8]},
			"faces": {
				"north": {"uv": [1, 13.33333, 1.66667, 13.5], "texture": "#texture"},
				"east": {"uv": [1, 13.33333, 1.66667, 13.5], "texture": "#texture"},
				"south": {"uv": [1, 13.33333, 1.66667, 13.5], "texture": "#texture"},
				"west": {"uv": [1, 13.33333, 1.66667, 13.5], "texture": "#texture"},
				"up": {"uv": [2, 13.33333, 2.66667, 14], "texture": "#texture"},
				"down": {"uv": [2, 14, 2.66667, 14.66667], "texture": "#texture"}
			}
		}
	],
	"display": {
		"thirdperson_righthand": {
			"rotation": [90.25, 0, 3.75],
			"translation": [0, 0.5, 8.75]
		},
		"thirdperson_lefthand": {
			"rotation": [90.25, 0, 3.75],
			"translation": [0, 0.5, 8.75]
		},
		"firstperson_righthand": {
			"rotation": [9, 0, 1.25],
			"translation": [1, 4, 0]
		},
		"firstperson_lefthand": {
			"rotation": [9, 0, 1.25],
			"translation": [1, 4, 0]
		},
		"ground": {
			"scale": [0.5, 0.5, 0.5]
		},
		"gui": {
			"rotation": [30, 225, 0],
			"translation": [0, -1.5, 0],
			"scale": [0.2, 0.2, 0.2]
		},
		"head": {
			"rotation": [12.5, 0, 14.75],
			"translation": [-3, 6.25, 4.5],
			"scale": [0.5, 0.5, 0.5]
		},
		"fixed": {
			"rotation": [-90, 0, 0],
			"translation": [0, 0, -14.25],
			"scale": [2, 2, 2]
		}
	},
	"groups": [
		{
			"name": "group",
			"origin": [8, 32, 8],
			"color": 0,
			"children": [0, 1, 2, 3, 4, 5, 6, 7, 8, 9, 10, 11, 12, 13, 14, 15, 16]
		}, 17]
}