{
	"credit": "Re-edited by LeoTecno",
	"texture_size": [64, 64],
	"elements": [
		{
			"from": [-8, -1, -16],
			"to": [24, 0.01, 32],
			"faces": {
				"north": {"uv": [0, 11.75, 8, 12], "texture": "#texture"},
				"east": {"uv": [0, 0, 0.25, 12], "rotation": 270, "texture": "#texture"},
				"south": {"uv": [0, 0, 8, 0.25], "texture": "#texture"},
				"west": {"uv": [7.75, 0, 8, 12], "rotation": 90, "texture": "#texture"},
				"up": {"uv": [8, 12, 0, 0], "texture": "#texture"},
				"down": {"uv": [16, 0, 8, 12], "texture": "#texture"}
			}
		}
	],
	"display": {
		"thirdperson_righthand": {
			"rotation": [75, 45, 0],
			"translation": [0, 2.5, 1.75],
			"scale": [0.375, 0.375, 0.375]
		},
		"thirdperson_lefthand": {
			"rotation": [75, 45, 0],
			"translation": [0, 2.5, 2.25],
			"scale": [0.375, 0.375, 0.375]
		},
		"firstperson_righthand": {
			"rotation": [0, 45, 0],
			"scale": [0.4, 0.4, 0.4]
		},
		"firstperson_lefthand": {
			"rotation": [0, 225, 0],
			"scale": [0.4, 0.4, 0.4]
		},
		"ground": {
			"translation": [0, 3, 0],
			"scale": [0.25, 0.25, 0.25]
		},
		"gui": {
			"rotation": [30, 225, 0],
			"scale": [0.625, 0.625, 0.625]
		},
		"head": {
			"translation": [0, -37.25, 0]
		},
		"fixed": {
			"rotation": [90, 0, 0],
			"translation": [0, 0, 51],
			"scale": [2, 2, 2]
		}
	}
}