{
	"credit": "Made by LeoTecno using BlockBench",
	"parent": "block/block",
	"textures": {
		"2": "block/level_anvil/low",
		"3": "block/level_anvil/low2",
		"particle": "block/anvil",
		"body": "block/anvil"
	},
	"elements": [
		{
			"name": "Anvil base",
			"from": [2, 0, 2],
			"to": [14, 4, 14],
			"faces": {
				"north": {"uv": [2, 12, 14, 16], "texture": "#body"},
				"east": {"uv": [4, 2, 0, 14], "rotation": 270, "texture": "#body"},
				"south": {"uv": [2, 12, 14, 16], "texture": "#body"},
				"west": {"uv": [0, 2, 4, 14], "rotation": 90, "texture": "#body"},
				"up": {"uv": [2, 2, 14, 14], "rotation": 180, "texture": "#body"},
				"down": {"uv": [2, 2, 14, 14], "rotation": 180, "texture": "#body", "cullface": "down"}
			}
		},
		{
			"name": "Lower narrow portion",
			"from": [4, 4, 3],
			"to": [5, 5, 13],
			"faces": {
				"north": {"uv": [8, 15, 9, 16], "texture": "#3"},
				"east": {"uv": [1, 0, 0, 10], "rotation": 270, "texture": "#2"},
				"south": {"uv": [0, 15, 1, 16], "texture": "#3"},
				"west": {"uv": [0, 0, 1, 10], "rotation": 90, "texture": "#2"},
				"up": {"uv": [0, 0, 1, 10], "rotation": 180, "texture": "#2"}
			}
		},
		{
			"name": "Wider section beneath top portion",
			"from": [6, 5, 4],
			"to": [10, 10, 12],
			"faces": {
				"north": {"uv": [6, 6, 10, 11], "texture": "#body"},
				"east": {"uv": [10, 4, 5, 12], "rotation": 270, "texture": "#body"},
				"south": {"uv": [6, 6, 10, 11], "texture": "#body"},
				"west": {"uv": [5, 4, 10, 12], "rotation": 90, "texture": "#body"}
			}
		},
		{
			"name": "Anvil top",
			"from": [3, 10, 0],
			"to": [13, 16, 16],
			"faces": {
				"north": {"uv": [3, 0, 13, 6], "texture": "#body"},
				"east": {"uv": [16, 0, 10, 16], "rotation": 270, "texture": "#body"},
				"south": {"uv": [3, 0, 13, 6], "texture": "#body"},
				"west": {"uv": [10, 0, 16, 16], "rotation": 90, "texture": "#body"},
				"up": {"uv": [3, 0, 13, 16], "rotation": 180, "texture": "#body"},
				"down": {"uv": [3, 0, 13, 16], "rotation": 180, "texture": "#body"}
			}
		},
		{
			"name": "Lower narrow portion",
			"from": [12, 4, 3],
			"to": [13, 5, 13],
			"faces": {
				"north": {"uv": [4, 15, 5, 16], "texture": "#3"},
				"east": {"uv": [1, 0, 0, 10], "rotation": 270, "texture": "#2"},
				"south": {"uv": [0, 15, 1, 16], "texture": "#3"},
				"west": {"uv": [0, 0, 1, 10], "rotation": 90, "texture": "#2"},
				"up": {"uv": [0, 0, 1, 10], "rotation": 180, "texture": "#2"}
			}
		},
		{
			"name": "Lower narrow portion",
			"from": [5, 4, 12],
			"to": [12, 5, 13],
			"faces": {
				"north": {"uv": [0, 0, 1, 10], "rotation": 90, "texture": "#2"},
				"east": {"uv": [0, 15, 1, 16], "texture": "#3"},
				"south": {"uv": [1, 0, 0, 7], "rotation": 270, "texture": "#2"},
				"west": {"uv": [0, 15, 1, 16], "texture": "#3"},
				"up": {"uv": [0, 0, 1, 7], "rotation": 270, "texture": "#2"}
			}
		},
		{
			"name": "Lower narrow portion",
			"from": [5, 4, 3],
			"to": [12, 5, 4],
			"faces": {
				"north": {"uv": [0, 0, 1, 7], "rotation": 90, "texture": "#2"},
				"east": {"uv": [0, 15, 1, 16], "texture": "#3"},
				"south": {"uv": [1, 0, 0, 7], "rotation": 270, "texture": "#2"},
				"west": {"uv": [0, 15, 1, 16], "texture": "#3"},
				"up": {"uv": [0, 0, 1, 7], "rotation": 270, "texture": "#2"}
			}
		},
		{
			"from": [5, 4, 4],
			"to": [12, 5, 12],
			"faces": {
				"north": {"uv": [0, 0, 7, 1], "texture": "#missing"},
				"east": {"uv": [0, 0, 8, 1], "texture": "#missing"},
				"south": {"uv": [0, 0, 7, 1], "texture": "#missing"},
				"west": {"uv": [0, 0, 8, 1], "texture": "#missing"},
				"up": {"uv": [0, 0, 7, 8], "texture": "#body"},
				"down": {"uv": [0, 0, 7, 8], "texture": "#missing"}
			}
		}
	],
	"display": {
		"fixed": {
			"rotation": [0, 90, 0],
			"scale": [0.5, 0.5, 0.5]
		}
	}
}