{
	"credit": "Made with Blockbench",
	"parent": "block/block",
	"textures": {
		"6": "block/roots",
		"particle": "block/dirt",
		"bottom": "block/dirt",
		"top": "block/grass_block_top",
		"side": "block/grass_block_side",
		"overlay": "block/grass_block_side_overlay",
		"bushy": "block/grass_block_top_bushy",
		"layer": "block/grass_block_layer"
	},
	"elements": [
		{
			"from": [0, 0, 0],
			"to": [16, 16, 16],
			"faces": {
				"north": {"uv": [0, 0, 16, 16], "texture": "#side", "cullface": "north"},
				"east": {"uv": [0, 0, 16, 16], "texture": "#side", "cullface": "east"},
				"south": {"uv": [0, 0, 16, 16], "texture": "#side", "cullface": "south"},
				"west": {"uv": [0, 0, 16, 16], "texture": "#side", "cullface": "west"},
				"up": {"uv": [0, 0, 16, 16], "texture": "#top", "cullface": "up", "tintindex": 0},
				"down": {"uv": [0, 0, 16, 16], "texture": "#bottom", "cullface": "down"}
			}
		},
		{
			"from": [0, 0, 0],
			"to": [16, 16, 16],
			"faces": {
				"north": {"uv": [0, 0, 16, 16], "texture": "#overlay", "cullface": "north", "tintindex": 0},
				"east": {"uv": [0, 0, 16, 16], "texture": "#overlay", "cullface": "east", "tintindex": 0},
				"south": {"uv": [0, 0, 16, 16], "texture": "#overlay", "cullface": "south", "tintindex": 0},
				"west": {"uv": [0, 0, 16, 16], "texture": "#overlay", "cullface": "west", "tintindex": 0}
			}
		},
		{
			"from": [0, 16.2, 0],
			"to": [16, 16.2, 16],
			"faces": {
				"up": {"uv": [0, 0, 16, 16], "texture": "#bushy", "cullface": "up", "tintindex": 0}
			}
		},
		{
			"from": [0, 16.5, 0],
			"to": [16, 16.5, 16],
			"faces": {
				"up": {"uv": [0, 0, 16, 16], "texture": "#layer", "cullface": "up"}
			}
		},
		{
			"from": [-8, -15, 11],
			"to": [8, 1, 11.1],
			"rotation": {"angle": 45, "axis": "y", "origin": [0, 0, 0]},
			"faces": {
				"north": {"uv": [0, 0, 16, 16], "texture": "#6"},
				"east": {"uv": [3, 0, 3.1, 16], "texture": "#6"},
				"south": {"uv": [0, 0, 16, 16], "texture": "#6"},
				"west": {"uv": [3, 0, 3.1, 16], "texture": "#6"},
				"up": {"uv": [0, 0, 16, 0.1], "texture": "#6"},
				"down": {"uv": [0, 15, 1, 16], "texture": "#6"}
			}
		},
		{
			"from": [0, -14, 3],
			"to": [0.1, 2, 19],
			"rotation": {"angle": 45, "axis": "y", "origin": [0, 0, 0]},
			"faces": {
				"north": {"uv": [3, 0, 3.1, 16], "texture": "#6"},
				"east": {"uv": [0, 0, 16, 16], "texture": "#6"},
				"south": {"uv": [3, 0, 3.1, 16], "texture": "#6"},
				"west": {"uv": [0, 0, 16, 16], "texture": "#6"},
				"up": {"uv": [0, 0, 16, 0.1], "rotation": 270, "texture": "#6"},
				"down": {"uv": [0, 15, 1, 16], "rotation": 90, "texture": "#6"}
			}
		}
	]
}