{
	"credit": "Made with Blockbench",
	"textures": {
		"0": "block/lodestone_top",
		"1": "block/lodestone_side",
		"particle": "block/lodestone_top"
	},
	"elements": [
		{
			"from": [0, 0, 0],
			"to": [16, 1, 16],
			"faces": {
				"north": {"uv": [0, 15, 16, 16], "texture": "#1"},
				"east": {"uv": [0, 15, 16, 16], "texture": "#1"},
				"south": {"uv": [0, 15, 16, 16], "texture": "#1"},
				"west": {"uv": [0, 15, 16, 16], "texture": "#1"},
				"up": {"uv": [0, 15, 16, 16], "texture": "#1"},
				"down": {"uv": [0, 0, 16, 16], "texture": "#0"}
			}
		},
		{
			"from": [0, 3, 0],
			"to": [1, 13, 1],
			"faces": {
				"north": {"uv": [15, 3, 16, 13], "texture": "#1"},
				"east": {"uv": [15, 3, 16, 13], "texture": "#1"},
				"south": {"uv": [0, 3, 1, 13], "texture": "#1"},
				"west": {"uv": [0, 3, 1, 13], "texture": "#1"},
				"up": {"uv": [0, 0, 1, 10], "texture": "#missing"},
				"down": {"uv": [0, 0, 1, 10], "texture": "#missing"}
			}
		},
		{
			"from": [0, 15, 0],
			"to": [16, 16, 16],
			"faces": {
				"north": {"uv": [0, 0, 16, 1], "texture": "#1"},
				"east": {"uv": [0, 0, 16, 1], "texture": "#1"},
				"south": {"uv": [0, 0, 16, 1], "texture": "#1"},
				"west": {"uv": [0, 0, 16, 1], "texture": "#1"},
				"up": {"uv": [0, 0, 16, 16], "texture": "#0"},
				"down": {"uv": [0, 0, 16, 1], "texture": "#1"}
			}
		},
		{
			"from": [0, 3, 15],
			"to": [1, 13, 16],
			"faces": {
				"north": {"uv": [15, 3, 16, 13], "texture": "#1"},
				"east": {"uv": [0, 3, 1, 13], "texture": "#1"},
				"south": {"uv": [0, 3, 1, 13], "texture": "#1"},
				"west": {"uv": [15, 3, 16, 13], "texture": "#1"},
				"up": {"uv": [0, 0, 1, 10], "texture": "#missing"},
				"down": {"uv": [0, 0, 1, 10], "texture": "#missing"}
			}
		},
		{
			"from": [15, 3, 15],
			"to": [16, 13, 16],
			"faces": {
				"north": {"uv": [0, 3, 1, 13], "texture": "#1"},
				"east": {"uv": [0, 3, 1, 13], "texture": "#1"},
				"south": {"uv": [15, 3, 16, 13], "texture": "#1"},
				"west": {"uv": [15, 3, 16, 13], "texture": "#1"},
				"up": {"uv": [0, 0, 1, 10], "texture": "#missing"},
				"down": {"uv": [0, 0, 1, 10], "texture": "#missing"}
			}
		},
		{
			"from": [15, 3, 0],
			"to": [16, 13, 1],
			"faces": {
				"north": {"uv": [0, 3, 1, 13], "texture": "#1"},
				"east": {"uv": [15, 3, 16, 13], "texture": "#1"},
				"south": {"uv": [15, 3, 16, 13], "texture": "#1"},
				"west": {"uv": [0, 3, 1, 13], "texture": "#1"},
				"up": {"uv": [0, 2, 1, 12], "texture": "#missing"},
				"down": {"uv": [0, 2, 1, 12], "texture": "#missing"}
			}
		},
		{
			"from": [0, 1, 0],
			"to": [3, 3, 3],
			"faces": {
				"north": {"uv": [13, 13, 16, 15], "texture": "#1"},
				"east": {"uv": [13, 13, 14, 15], "texture": "#1"},
				"south": {"uv": [1, 13, 4, 15], "texture": "#1"},
				"west": {"uv": [0, 13, 3, 15], "texture": "#1"},
				"up": {"uv": [1, 12, 4, 15], "texture": "#1"},
				"down": {"uv": [0, 0, 3, 2], "texture": "#missing"}
			}
		},
		{
			"from": [13, 1, 0],
			"to": [16, 3, 3],
			"faces": {
				"north": {"uv": [0, 13, 3, 15], "texture": "#1"},
				"east": {"uv": [13, 13, 16, 15], "texture": "#1"},
				"south": {"uv": [13, 13, 15, 15], "texture": "#1"},
				"west": {"uv": [2, 13, 3, 15], "texture": "#1"},
				"up": {"uv": [1, 13, 4, 15], "texture": "#1"},
				"down": {"uv": [0, 0, 3, 2], "texture": "#missing"}
			}
		},
		{
			"from": [13, 1, 13],
			"to": [16, 3, 16],
			"faces": {
				"north": {"uv": [1, 13, 4, 15], "texture": "#1"},
				"east": {"uv": [0, 13, 3, 15], "texture": "#1"},
				"south": {"uv": [13, 13, 16, 15], "texture": "#1"},
				"west": {"uv": [13, 13, 16, 15], "texture": "#1"},
				"up": {"uv": [1, 13, 4, 15], "texture": "#1"},
				"down": {"uv": [0, 0, 3, 2], "texture": "#missing"}
			}
		},
		{
			"from": [13, 13, 13],
			"to": [16, 15, 16],
			"faces": {
				"north": {"uv": [2, 1, 3, 3], "texture": "#1"},
				"east": {"uv": [0, 1, 3, 3], "texture": "#1"},
				"south": {"uv": [13, 1, 16, 3], "texture": "#1"},
				"west": {"uv": [13, 1, 16, 3], "texture": "#1"},
				"up": {"uv": [0, 0, 3, 2], "texture": "#missing"},
				"down": {"uv": [0, 2, 3, 3], "texture": "#1"}
			}
		},
		{
			"from": [13, 13, 0],
			"to": [16, 15, 3],
			"faces": {
				"north": {"uv": [0, 1, 3, 3], "texture": "#1"},
				"east": {"uv": [13, 1, 16, 3], "texture": "#1"},
				"south": {"uv": [13, 1, 14, 3], "texture": "#1"},
				"west": {"uv": [2, 1, 3, 3], "texture": "#1"},
				"up": {"uv": [0, 0, 3, 2], "texture": "#missing"},
				"down": {"uv": [0, 1, 3, 3], "texture": "#1"}
			}
		},
		{
			"from": [0, 13, 0],
			"to": [3, 15, 3],
			"faces": {
				"north": {"uv": [13, 1, 16, 3], "texture": "#1"},
				"east": {"uv": [13, 1, 14, 3], "texture": "#1"},
				"south": {"uv": [2, 1, 3, 3], "texture": "#1"},
				"west": {"uv": [0, 1, 3, 3], "texture": "#1"},
				"up": {"uv": [0, 0, 3, 2], "texture": "#missing"},
				"down": {"uv": [0, 0, 3, 3], "texture": "#1"}
			}
		},
		{
			"from": [0, 1, 13],
			"to": [3, 3, 16],
			"faces": {
				"north": {"uv": [13, 13, 16, 15], "texture": "#1"},
				"east": {"uv": [0, 0, 3, 2], "texture": "#1"},
				"south": {"uv": [0, 1, 3, 3], "texture": "#1"},
				"west": {"uv": [13, 13, 16, 15], "texture": "#1"},
				"up": {"uv": [13, 12, 16, 15], "texture": "#1"},
				"down": {"uv": [0, 0, 3, 2], "texture": "#missing"}
			}
		},
		{
			"from": [0, 13, 13],
			"to": [3, 15, 16],
			"faces": {
				"north": {"uv": [12, 1, 13, 3], "texture": "#1"},
				"east": {"uv": [13, 1, 16, 3], "texture": "#1"},
				"south": {"uv": [13, 1, 16, 3], "texture": "#1"},
				"west": {"uv": [13, 1, 16, 3], "texture": "#1"},
				"up": {"uv": [13, 1, 16, 3], "texture": "#1"},
				"down": {"uv": [12, 0, 13, 3], "texture": "#1"}
			}
		},
		{
			"from": [1, 3, 1],
			"to": [3, 13, 3],
			"faces": {
				"north": {"uv": [13, 3, 15, 13], "texture": "#1"},
				"east": {"uv": [13, 3, 15, 13], "texture": "#1"},
				"south": {"uv": [2, 3, 3, 13], "texture": "#1"},
				"west": {"uv": [1, 3, 3, 13], "texture": "#1"},
				"up": {"uv": [0, 0, 2, 10], "texture": "#missing"},
				"down": {"uv": [0, 0, 2, 10], "texture": "#missing"}
			}
		},
		{
			"from": [1, 13, 3],
			"to": [2, 15, 13],
			"faces": {
				"north": {"uv": [0, 0, 10, 2], "texture": "#missing"},
				"east": {"uv": [0, 0, 10, 2], "texture": "#missing"},
				"south": {"uv": [0, 0, 10, 2], "texture": "#missing"},
				"west": {"uv": [3, 1, 13, 3], "texture": "#1"},
				"up": {"uv": [0, 0, 10, 2], "texture": "#missing"},
				"down": {"uv": [2, 3, 3, 13], "texture": "#1"}
			}
		},
		{
			"from": [14, 13, 3],
			"to": [15, 15, 13],
			"faces": {
				"north": {"uv": [0, 0, 10, 2], "texture": "#missing"},
				"east": {"uv": [3, 1, 13, 3], "texture": "#1"},
				"south": {"uv": [0, 0, 10, 2], "texture": "#missing"},
				"west": {"uv": [3, 1, 13, 3], "texture": "#missing"},
				"up": {"uv": [0, 0, 10, 2], "texture": "#missing"},
				"down": {"uv": [2, 3, 3, 13], "texture": "#1"}
			}
		},
		{
			"from": [1, 1, 3],
			"to": [2, 3, 13],
			"faces": {
				"north": {"uv": [0, 0, 10, 2], "texture": "#missing"},
				"east": {"uv": [0, 0, 10, 2], "texture": "#missing"},
				"south": {"uv": [0, 0, 10, 2], "texture": "#missing"},
				"west": {"uv": [3, 13, 13, 15], "texture": "#1"},
				"up": {"uv": [2, 3, 3, 13], "texture": "#1"},
				"down": {"uv": [0, 0, 10, 2], "texture": "#missing"}
			}
		},
		{
			"from": [13, 1, 3],
			"to": [15, 3, 13],
			"faces": {
				"north": {"uv": [0, 0, 10, 2], "texture": "#missing"},
				"east": {"uv": [3, 13, 13, 15], "texture": "#1"},
				"south": {"uv": [0, 0, 10, 2], "texture": "#missing"},
				"west": {"uv": [3, 13, 13, 15], "texture": "#missing"},
				"up": {"uv": [1, 3, 3, 13], "texture": "#1"},
				"down": {"uv": [0, 0, 10, 2], "texture": "#missing"}
			}
		},
		{
			"from": [3, 1, 1],
			"to": [13, 3, 3],
			"faces": {
				"north": {"uv": [3, 13, 13, 15], "texture": "#1"},
				"east": {"uv": [0, 0, 10, 2], "texture": "#missing"},
				"south": {"uv": [0, 0, 10, 2], "texture": "#missing"},
				"west": {"uv": [3, 13, 13, 15], "texture": "#missing"},
				"up": {"uv": [3, 13, 13, 15], "texture": "#1"},
				"down": {"uv": [0, 0, 10, 2], "texture": "#missing"}
			}
		},
		{
			"from": [3, 13, 1],
			"to": [13, 15, 3],
			"faces": {
				"north": {"uv": [3, 1, 13, 3], "texture": "#1"},
				"east": {"uv": [0, 0, 10, 2], "texture": "#missing"},
				"south": {"uv": [0, 0, 10, 2], "texture": "#missing"},
				"west": {"uv": [3, 13, 13, 15], "texture": "#missing"},
				"up": {"uv": [2, 3, 3, 13], "texture": "#missing"},
				"down": {"uv": [3, 1, 13, 3], "texture": "#1"}
			}
		},
		{
			"from": [3, 13, 13],
			"to": [13, 15, 15],
			"faces": {
				"north": {"uv": [0, 0, 10, 2], "texture": "#missing"},
				"east": {"uv": [0, 0, 10, 2], "texture": "#missing"},
				"south": {"uv": [3, 1, 13, 3], "texture": "#1"},
				"west": {"uv": [3, 13, 13, 15], "texture": "#missing"},
				"up": {"uv": [2, 3, 3, 13], "texture": "#missing"},
				"down": {"uv": [3, 2, 13, 3], "texture": "#1"}
			}
		},
		{
			"from": [3, 1, 13],
			"to": [13, 3, 15],
			"faces": {
				"north": {"uv": [0, 0, 10, 2], "texture": "#missing"},
				"east": {"uv": [0, 0, 10, 2], "texture": "#missing"},
				"south": {"uv": [3, 13, 13, 15], "texture": "#1"},
				"west": {"uv": [3, 13, 13, 15], "texture": "#missing"},
				"up": {"uv": [3, 13, 13, 15], "texture": "#1"},
				"down": {"uv": [0, 0, 10, 2], "texture": "#missing"}
			}
		},
		{
			"from": [1, 3, 13],
			"to": [3, 13, 15],
			"faces": {
				"north": {"uv": [13, 3, 14, 13], "texture": "#1"},
				"east": {"uv": [13, 3, 15, 13], "texture": "#1"},
				"south": {"uv": [1, 3, 3, 13], "texture": "#1"},
				"west": {"uv": [13, 3, 15, 13], "texture": "#1"},
				"up": {"uv": [0, 0, 2, 10], "texture": "#missing"},
				"down": {"uv": [0, 0, 2, 10], "texture": "#missing"}
			}
		},
		{
			"from": [13, 3, 13],
			"to": [15, 13, 15],
			"faces": {
				"north": {"uv": [1, 3, 3, 13], "texture": "#1"},
				"east": {"uv": [1, 3, 3, 13], "texture": "#1"},
				"south": {"uv": [13, 3, 15, 13], "texture": "#1"},
				"west": {"uv": [2, 3, 3, 13], "texture": "#1"},
				"up": {"uv": [0, 0, 2, 10], "texture": "#missing"},
				"down": {"uv": [0, 0, 2, 10], "texture": "#missing"}
			}
		},
		{
			"from": [13, 3, 1],
			"to": [15, 13, 3],
			"faces": {
				"north": {"uv": [1, 3, 3, 13], "texture": "#1"},
				"east": {"uv": [13, 3, 15, 13], "texture": "#1"},
				"south": {"uv": [1, 3, 3, 13], "texture": "#1"},
				"west": {"uv": [1, 3, 3, 13], "texture": "#1"},
				"up": {"uv": [1, 3, 3, 13], "texture": "#1"},
				"down": {"uv": [1, 3, 3, 13], "texture": "#1"}
			}
		},
		{
			"from": [1, 3, 3],
			"to": [2, 6, 5],
			"faces": {
				"north": {"uv": [3, 10, 5, 13], "texture": "#1"},
				"east": {"uv": [3, 10, 5, 13], "texture": "#1"},
				"south": {"uv": [3, 10, 5, 13], "texture": "#1"},
				"west": {"uv": [3, 10, 5, 13], "texture": "#1"},
				"up": {"uv": [3, 11, 4, 13], "texture": "#1"},
				"down": {"uv": [3, 10, 5, 13], "texture": "#1"}
			}
		},
		{
			"from": [1, 10, 3],
			"to": [2, 13, 5],
			"faces": {
				"north": {"uv": [3, 3, 5, 6], "texture": "#1"},
				"east": {"uv": [3, 3, 5, 6], "texture": "#1"},
				"south": {"uv": [3, 3, 4, 6], "texture": "#1"},
				"west": {"uv": [3, 3, 5, 6], "texture": "#1"},
				"up": {"uv": [3, 3, 5, 6], "texture": "#1"},
				"down": {"uv": [3, 4, 4, 6], "texture": "#1"}
			}
		},
		{
			"from": [3, 10, 1],
			"to": [5, 13, 2],
			"faces": {
				"north": {"uv": [11, 3, 13, 6], "texture": "#1"},
				"east": {"uv": [11, 3, 13, 6], "texture": "#1"},
				"south": {"uv": [0, 0, 2, 3], "texture": "#missing"},
				"west": {"uv": [3, 3, 5, 6], "texture": "#missing"},
				"up": {"uv": [0, 0, 2, 3], "texture": "#missing"},
				"down": {"uv": [11, 5, 13, 6], "texture": "#1"}
			}
		},
		{
			"from": [3, 10, 14],
			"to": [5, 13, 15],
			"faces": {
				"north": {"uv": [0, 0, 2, 3], "texture": "#missing"},
				"east": {"uv": [5, 3, 6, 5], "texture": "#1"},
				"south": {"uv": [3, 3, 5, 6], "texture": "#1"},
				"west": {"uv": [3, 3, 5, 6], "texture": "#missing"},
				"up": {"uv": [0, 0, 2, 3], "texture": "#missing"},
				"down": {"uv": [3, 5, 5, 6], "texture": "#1"}
			}
		},
		{
			"from": [3, 3, 14],
			"to": [5, 6, 15],
			"faces": {
				"north": {"uv": [3, 10, 5, 13], "texture": "#1"},
				"east": {"uv": [3, 10, 5, 13], "texture": "#1"},
				"south": {"uv": [3, 10, 5, 13], "texture": "#1"},
				"west": {"uv": [3, 10, 5, 13], "texture": "#1"},
				"up": {"uv": [3, 10, 5, 11], "texture": "#1"},
				"down": {"uv": [3, 10, 5, 13], "texture": "#1"}
			}
		},
		{
			"from": [11, 10, 14],
			"to": [13, 13, 15],
			"faces": {
				"north": {"uv": [11, 3, 13, 6], "texture": "#1"},
				"east": {"uv": [11, 3, 13, 6], "texture": "#1"},
				"south": {"uv": [11, 3, 13, 6], "texture": "#1"},
				"west": {"uv": [11, 3, 13, 6], "texture": "#1"},
				"up": {"uv": [11, 3, 13, 6], "texture": "#1"},
				"down": {"uv": [11, 5, 13, 6], "texture": "#1"}
			}
		},
		{
			"from": [11, 3, 14],
			"to": [13, 6, 15],
			"faces": {
				"north": {"uv": [11, 10, 13, 13], "texture": "#1"},
				"east": {"uv": [11, 10, 13, 13], "texture": "#1"},
				"south": {"uv": [11, 10, 13, 13], "texture": "#1"},
				"west": {"uv": [11, 10, 13, 13], "texture": "#1"},
				"up": {"uv": [11, 10, 13, 11], "texture": "#1"},
				"down": {"uv": [11, 10, 13, 13], "texture": "#1"}
			}
		},
		{
			"from": [3, 3, 1],
			"to": [5, 6, 2],
			"faces": {
				"north": {"uv": [11, 10, 13, 13], "texture": "#1"},
				"east": {"uv": [11, 10, 13, 13], "texture": "#1"},
				"south": {"uv": [0, 0, 2, 3], "texture": "#missing"},
				"west": {"uv": [3, 3, 5, 6], "texture": "#missing"},
				"up": {"uv": [11, 10, 13, 11], "texture": "#1"},
				"down": {"uv": [0, 0, 2, 3], "texture": "#missing"}
			}
		},
		{
			"from": [11, 3, 1],
			"to": [13, 6, 2],
			"faces": {
				"north": {"uv": [3, 10, 5, 13], "texture": "#1"},
				"east": {"uv": [0, 0, 2, 3], "texture": "#missing"},
				"south": {"uv": [0, 0, 2, 3], "texture": "#missing"},
				"west": {"uv": [4, 10, 5, 13], "texture": "#1"},
				"up": {"uv": [3, 10, 5, 11], "texture": "#1"},
				"down": {"uv": [0, 0, 2, 3], "texture": "#missing"}
			}
		},
		{
			"from": [11, 10, 1],
			"to": [13, 13, 2],
			"faces": {
				"north": {"uv": [3, 3, 5, 6], "texture": "#1"},
				"east": {"uv": [0, 0, 2, 3], "texture": "#missing"},
				"south": {"uv": [0, 0, 2, 3], "texture": "#missing"},
				"west": {"uv": [3, 3, 4, 6], "texture": "#1"},
				"up": {"uv": [0, 0, 2, 3], "texture": "#missing"},
				"down": {"uv": [3, 4, 5, 5], "texture": "#1"}
			}
		},
		{
			"from": [10, 11, 1],
			"to": [11, 13, 2],
			"faces": {
				"north": {"uv": [5, 3, 6, 5], "texture": "#1"},
				"east": {"uv": [5, 3, 6, 5], "texture": "#1"},
				"south": {"uv": [5, 3, 6, 5], "texture": "#1"},
				"west": {"uv": [5, 3, 6, 5], "texture": "#1"},
				"up": {"uv": [5, 3, 6, 5], "texture": "#1"},
				"down": {"uv": [5, 4, 6, 5], "texture": "#1"}
			}
		},
		{
			"from": [10, 3, 1],
			"to": [11, 5, 2],
			"faces": {
				"north": {"uv": [5, 11, 6, 13], "texture": "#1"},
				"east": {"uv": [0, 0, 2, 3], "texture": "#missing"},
				"south": {"uv": [0, 0, 2, 3], "texture": "#missing"},
				"west": {"uv": [5, 11, 6, 13], "texture": "#1"},
				"up": {"uv": [5, 11, 6, 12], "texture": "#1"},
				"down": {"uv": [0, 0, 2, 3], "texture": "#missing"}
			}
		},
		{
			"from": [5, 3, 1],
			"to": [6, 5, 2],
			"faces": {
				"north": {"uv": [10, 11, 11, 13], "texture": "#1"},
				"east": {"uv": [10, 11, 11, 13], "texture": "#1"},
				"south": {"uv": [0, 0, 2, 3], "texture": "#missing"},
				"west": {"uv": [3, 3, 5, 6], "texture": "#missing"},
				"up": {"uv": [10, 11, 11, 12], "texture": "#1"},
				"down": {"uv": [0, 0, 2, 3], "texture": "#missing"}
			}
		},
		{
			"from": [5, 11, 1],
			"to": [6, 13, 2],
			"faces": {
				"north": {"uv": [5, 3, 6, 5], "texture": "#1"},
				"east": {"uv": [5, 3, 6, 5], "texture": "#1"},
				"south": {"uv": [0, 0, 2, 3], "texture": "#missing"},
				"west": {"uv": [3, 3, 5, 6], "texture": "#missing"},
				"up": {"uv": [0, 0, 2, 3], "texture": "#missing"},
				"down": {"uv": [5, 4, 6, 5], "texture": "#1"}
			}
		},
		{
			"from": [10, 11, 14],
			"to": [11, 13, 15],
			"faces": {
				"north": {"uv": [10, 3, 11, 5], "texture": "#1"},
				"east": {"uv": [10, 3, 11, 5], "texture": "#1"},
				"south": {"uv": [10, 3, 11, 5], "texture": "#1"},
				"west": {"uv": [10, 3, 11, 5], "texture": "#1"},
				"up": {"uv": [10, 3, 11, 5], "texture": "#1"},
				"down": {"uv": [10, 3, 11, 5], "texture": "#1"}
			}
		},
		{
			"from": [10, 3, 14],
			"to": [11, 5, 15],
			"faces": {
				"north": {"uv": [10, 11, 11, 13], "texture": "#1"},
				"east": {"uv": [10, 11, 11, 13], "texture": "#1"},
				"south": {"uv": [10, 11, 11, 13], "texture": "#1"},
				"west": {"uv": [10, 11, 11, 13], "texture": "#1"},
				"up": {"uv": [10, 11, 11, 12], "texture": "#1"},
				"down": {"uv": [10, 11, 11, 13], "texture": "#1"}
			}
		},
		{
			"from": [5, 11, 14],
			"to": [6, 13, 15],
			"faces": {
				"north": {"uv": [5, 3, 6, 5], "texture": "#1"},
				"east": {"uv": [5, 3, 6, 5], "texture": "#1"},
				"south": {"uv": [5, 3, 6, 5], "texture": "#1"},
				"west": {"uv": [5, 3, 6, 5], "texture": "#1"},
				"up": {"uv": [5, 3, 6, 5], "texture": "#1"},
				"down": {"uv": [5, 4, 6, 5], "texture": "#1"}
			}
		},
		{
			"from": [5, 3, 14],
			"to": [6, 5, 15],
			"faces": {
				"north": {"uv": [5, 11, 6, 13], "texture": "#1"},
				"east": {"uv": [5, 11, 6, 13], "texture": "#1"},
				"south": {"uv": [5, 11, 6, 13], "texture": "#1"},
				"west": {"uv": [5, 11, 6, 13], "texture": "#1"},
				"up": {"uv": [5, 11, 6, 12], "texture": "#1"},
				"down": {"uv": [5, 11, 6, 13], "texture": "#1"}
			}
		},
		{
			"from": [1, 11, 5],
			"to": [2, 13, 6],
			"faces": {
				"north": {"uv": [5, 3, 6, 5], "texture": "#1"},
				"east": {"uv": [5, 3, 6, 5], "texture": "#1"},
				"south": {"uv": [5, 3, 6, 5], "texture": "#1"},
				"west": {"uv": [5, 3, 6, 5], "texture": "#1"},
				"up": {"uv": [5, 3, 6, 5], "texture": "#1"},
				"down": {"uv": [5, 4, 6, 5], "texture": "#1"}
			}
		},
		{
			"from": [14, 11, 5],
			"to": [15, 13, 6],
			"faces": {
				"north": {"uv": [0, 0, 1, 2], "texture": "#missing"},
				"east": {"uv": [10, 3, 11, 5], "texture": "#1"},
				"south": {"uv": [10, 3, 11, 5], "texture": "#1"},
				"west": {"uv": [5, 3, 6, 5], "texture": "#missing"},
				"up": {"uv": [0, 0, 1, 2], "texture": "#missing"},
				"down": {"uv": [10, 4, 11, 5], "texture": "#1"}
			}
		},
		{
			"from": [14, 3, 10],
			"to": [15, 5, 11],
			"faces": {
				"north": {"uv": [5, 11, 6, 13], "texture": "#1"},
				"east": {"uv": [5, 11, 6, 13], "texture": "#1"},
				"south": {"uv": [0, 0, 1, 2], "texture": "#missing"},
				"west": {"uv": [5, 3, 6, 5], "texture": "#missing"},
				"up": {"uv": [5, 11, 6, 12], "texture": "#1"},
				"down": {"uv": [0, 0, 1, 2], "texture": "#missing"}
			}
		},
		{
			"from": [14, 3, 5],
			"to": [15, 5, 6],
			"faces": {
				"north": {"uv": [0, 0, 1, 2], "texture": "#missing"},
				"east": {"uv": [10, 11, 11, 13], "texture": "#1"},
				"south": {"uv": [10, 11, 11, 13], "texture": "#1"},
				"west": {"uv": [5, 3, 6, 5], "texture": "#missing"},
				"up": {"uv": [10, 11, 11, 12], "texture": "#1"},
				"down": {"uv": [0, 0, 1, 2], "texture": "#missing"}
			}
		},
		{
			"from": [14, 11, 10],
			"to": [15, 13, 11],
			"faces": {
				"north": {"uv": [5, 3, 6, 5], "texture": "#1"},
				"east": {"uv": [5, 3, 6, 5], "texture": "#1"},
				"south": {"uv": [5, 3, 6, 5], "texture": "#1"},
				"west": {"uv": [5, 3, 6, 5], "texture": "#1"},
				"up": {"uv": [5, 3, 6, 5], "texture": "#1"},
				"down": {"uv": [5, 4, 6, 5], "texture": "#1"}
			}
		},
		{
			"from": [1, 11, 10],
			"to": [2, 13, 11],
			"faces": {
				"north": {"uv": [10, 3, 11, 5], "texture": "#1"},
				"east": {"uv": [10, 3, 11, 5], "texture": "#1"},
				"south": {"uv": [10, 3, 11, 5], "texture": "#1"},
				"west": {"uv": [10, 3, 11, 5], "texture": "#1"},
				"up": {"uv": [10, 3, 11, 5], "texture": "#1"},
				"down": {"uv": [10, 3, 11, 5], "texture": "#1"}
			}
		},
		{
			"from": [1, 3, 10],
			"to": [2, 5, 11],
			"faces": {
				"north": {"uv": [10, 11, 11, 13], "texture": "#1"},
				"east": {"uv": [10, 11, 11, 13], "texture": "#1"},
				"south": {"uv": [10, 11, 11, 13], "texture": "#1"},
				"west": {"uv": [10, 11, 11, 13], "texture": "#1"},
				"up": {"uv": [10, 12, 11, 13], "texture": "#1"},
				"down": {"uv": [10, 11, 11, 13], "texture": "#1"}
			}
		},
		{
			"from": [1, 3, 5],
			"to": [2, 5, 6],
			"faces": {
				"north": {"uv": [5, 11, 6, 13], "texture": "#1"},
				"east": {"uv": [5, 11, 6, 13], "texture": "#1"},
				"south": {"uv": [5, 11, 6, 13], "texture": "#1"},
				"west": {"uv": [5, 11, 6, 13], "texture": "#1"},
				"up": {"uv": [5, 12, 6, 13], "texture": "#1"},
				"down": {"uv": [5, 11, 6, 13], "texture": "#1"}
			}
		},
		{
			"from": [1, 10, 11],
			"to": [2, 13, 13],
			"faces": {
				"north": {"uv": [11, 3, 13, 6], "texture": "#1"},
				"east": {"uv": [11, 3, 13, 6], "texture": "#1"},
				"south": {"uv": [11, 3, 13, 6], "texture": "#1"},
				"west": {"uv": [11, 3, 13, 6], "texture": "#1"},
				"up": {"uv": [11, 3, 13, 6], "texture": "#1"},
				"down": {"uv": [11, 4, 12, 6], "texture": "#1"}
			}
		},
		{
			"from": [1, 3, 11],
			"to": [2, 6, 13],
			"faces": {
				"north": {"uv": [11, 10, 13, 13], "texture": "#1"},
				"east": {"uv": [11, 10, 13, 13], "texture": "#1"},
				"south": {"uv": [11, 10, 13, 13], "texture": "#1"},
				"west": {"uv": [11, 10, 13, 13], "texture": "#1"},
				"up": {"uv": [11, 10, 12, 12], "texture": "#1"},
				"down": {"uv": [11, 10, 13, 13], "texture": "#1"}
			}
		},
		{
			"from": [14, 3, 11],
			"to": [15, 6, 13],
			"faces": {
				"north": {"uv": [3, 10, 5, 13], "texture": "#1"},
				"east": {"uv": [3, 10, 5, 13], "texture": "#1"},
				"south": {"uv": [0, 0, 2, 3], "texture": "#missing"},
				"west": {"uv": [11, 10, 13, 13], "texture": "#missing"},
				"up": {"uv": [3, 10, 4, 12], "texture": "#1"},
				"down": {"uv": [0, 0, 2, 3], "texture": "#missing"}
			}
		},
		{
			"from": [14, 3, 3],
			"to": [15, 6, 5],
			"faces": {
				"north": {"uv": [0, 0, 2, 3], "texture": "#missing"},
				"east": {"uv": [11, 10, 13, 13], "texture": "#1"},
				"south": {"uv": [11, 10, 13, 13], "texture": "#1"},
				"west": {"uv": [11, 10, 13, 13], "texture": "#missing"},
				"up": {"uv": [11, 12, 12, 14], "texture": "#1"},
				"down": {"uv": [0, 0, 2, 3], "texture": "#missing"}
			}
		},
		{
			"from": [14, 10, 3],
			"to": [15, 13, 5],
			"faces": {
				"north": {"uv": [0, 0, 2, 3], "texture": "#missing"},
				"east": {"uv": [11, 3, 13, 6], "texture": "#1"},
				"south": {"uv": [11, 3, 13, 6], "texture": "#1"},
				"west": {"uv": [11, 10, 13, 13], "texture": "#missing"},
				"up": {"uv": [0, 0, 2, 3], "texture": "#missing"},
				"down": {"uv": [12, 4, 13, 6], "texture": "#1"}
			}
		},
		{
			"from": [14, 10, 11],
			"to": [15, 13, 13],
			"faces": {
				"north": {"uv": [3, 3, 5, 5], "texture": "#1"},
				"east": {"uv": [3, 3, 5, 6], "texture": "#1"},
				"south": {"uv": [3, 3, 5, 6], "texture": "#1"},
				"west": {"uv": [3, 3, 5, 6], "texture": "#1"},
				"up": {"uv": [3, 3, 5, 6], "texture": "#1"},
				"down": {"uv": [3, 3, 4, 5], "texture": "#1"}
			}
		},
		{
			"from": [2, 5, 2],
			"to": [6, 11, 6],
			"faces": {
				"north": {"uv": [10, 5, 14, 11], "texture": "#1"},
				"east": {"uv": [10, 6, 11, 10], "texture": "#1"},
				"south": {"uv": [5, 5, 6, 11], "texture": "#1"},
				"west": {"uv": [3, 5, 6, 11], "texture": "#1"},
				"up": {"uv": [0, 0, 3, 6], "texture": "#missing"},
				"down": {"uv": [0, 0, 3, 6], "texture": "#missing"}
			}
		},
		{
			"from": [2, 5, 10],
			"to": [6, 11, 14],
			"faces": {
				"north": {"uv": [10, 5, 11, 11], "texture": "#1"},
				"east": {"uv": [5, 5, 6, 11], "texture": "#1"},
				"south": {"uv": [2, 5, 6, 11], "texture": "#1"},
				"west": {"uv": [10, 5, 13, 11], "texture": "#1"},
				"up": {"uv": [0, 0, 3, 6], "texture": "#missing"},
				"down": {"uv": [0, 0, 3, 6], "texture": "#missing"}
			}
		},
		{
			"from": [10, 5, 10],
			"to": [14, 11, 14],
			"faces": {
				"north": {"uv": [5, 5, 6, 11], "texture": "#1"},
				"east": {"uv": [2, 5, 6, 11], "texture": "#1"},
				"south": {"uv": [10, 5, 14, 11], "texture": "#1"},
				"west": {"uv": [10, 5, 11, 11], "texture": "#1"},
				"up": {"uv": [0, 0, 3, 6], "texture": "#missing"},
				"down": {"uv": [0, 0, 3, 6], "texture": "#missing"}
			}
		},
		{
			"from": [10, 5, 2],
			"to": [14, 11, 6],
			"faces": {
				"north": {"uv": [2, 5, 6, 11], "texture": "#1"},
				"east": {"uv": [10, 5, 14, 11], "texture": "#1"},
				"south": {"uv": [10, 5, 11, 11], "texture": "#1"},
				"west": {"uv": [5, 6, 6, 10], "texture": "#1"},
				"up": {"uv": [0, 0, 3, 6], "texture": "#missing"},
				"down": {"uv": [0, 0, 3, 6], "texture": "#missing"}
			}
		},
		{
			"from": [2, 3, 6],
			"to": [3, 6, 10],
			"faces": {
				"north": {"uv": [0, 0, 4, 3], "texture": "#missing"},
				"east": {"uv": [0, 0, 4, 3], "texture": "#missing"},
				"south": {"uv": [0, 0, 4, 3], "texture": "#missing"},
				"west": {"uv": [6, 10, 10, 13], "texture": "#1"},
				"up": {"uv": [10, 6, 11, 10], "texture": "#1"},
				"down": {"uv": [0, 0, 4, 3], "texture": "#missing"}
			}
		},
		{
			"from": [13, 10, 6],
			"to": [14, 13, 10],
			"faces": {
				"north": {"uv": [0, 0, 4, 3], "texture": "#missing"},
				"east": {"uv": [6, 3, 10, 6], "texture": "#1"},
				"south": {"uv": [0, 0, 4, 3], "texture": "#missing"},
				"west": {"uv": [6, 3, 10, 6], "texture": "#missing"},
				"up": {"uv": [0, 0, 4, 3], "texture": "#missing"},
				"down": {"uv": [5, 6, 6, 10], "texture": "#1"}
			}
		},
		{
			"from": [2, 10, 6],
			"to": [3, 13, 10],
			"faces": {
				"north": {"uv": [0, 0, 4, 3], "texture": "#missing"},
				"east": {"uv": [0, 0, 4, 3], "texture": "#missing"},
				"south": {"uv": [0, 0, 4, 3], "texture": "#missing"},
				"west": {"uv": [6, 3, 10, 6], "texture": "#1"},
				"up": {"uv": [0, 0, 4, 3], "texture": "#missing"},
				"down": {"uv": [5, 6, 6, 10], "texture": "#1"}
			}
		},
		{
			"from": [13, 3, 6],
			"to": [14, 6, 10],
			"faces": {
				"north": {"uv": [0, 0, 4, 3], "texture": "#missing"},
				"east": {"uv": [6, 10, 10, 13], "texture": "#1"},
				"south": {"uv": [0, 0, 4, 3], "texture": "#missing"},
				"west": {"uv": [6, 10, 10, 13], "texture": "#missing"},
				"up": {"uv": [5, 6, 6, 10], "texture": "#1"},
				"down": {"uv": [0, 0, 4, 3], "texture": "#missing"}
			}
		},
		{
			"from": [6, 3, 2],
			"to": [10, 6, 3],
			"faces": {
				"north": {"uv": [6, 10, 10, 13], "texture": "#1"},
				"east": {"uv": [0, 0, 4, 3], "texture": "#missing"},
				"south": {"uv": [0, 0, 4, 3], "texture": "#missing"},
				"west": {"uv": [6, 10, 10, 13], "texture": "#missing"},
				"up": {"uv": [6, 10, 10, 11], "texture": "#1"},
				"down": {"uv": [0, 0, 4, 3], "texture": "#missing"}
			}
		},
		{
			"from": [6, 10, 2],
			"to": [10, 13, 3],
			"faces": {
				"north": {"uv": [6, 3, 10, 6], "texture": "#1"},
				"east": {"uv": [0, 0, 4, 3], "texture": "#missing"},
				"south": {"uv": [0, 0, 4, 3], "texture": "#missing"},
				"west": {"uv": [6, 10, 10, 13], "texture": "#missing"},
				"up": {"uv": [0, 0, 1, 4], "texture": "#missing"},
				"down": {"uv": [6, 5, 10, 6], "texture": "#1"}
			}
		},
		{
			"from": [6, 3, 13],
			"to": [10, 6, 14],
			"faces": {
				"north": {"uv": [0, 0, 4, 3], "texture": "#missing"},
				"east": {"uv": [0, 0, 4, 3], "texture": "#missing"},
				"south": {"uv": [6, 10, 10, 13], "texture": "#1"},
				"west": {"uv": [6, 10, 10, 13], "texture": "#missing"},
				"up": {"uv": [6, 10, 10, 11], "texture": "#1"},
				"down": {"uv": [0, 0, 4, 3], "texture": "#missing"}
			}
		},
		{
			"from": [6, 10, 13],
			"to": [10, 13, 14],
			"faces": {
				"north": {"uv": [0, 0, 4, 3], "texture": "#missing"},
				"east": {"uv": [0, 0, 4, 3], "texture": "#missing"},
				"south": {"uv": [6, 3, 10, 6], "texture": "#1"},
				"west": {"uv": [6, 10, 10, 13], "texture": "#missing"},
				"up": {"uv": [0, 0, 1, 4], "texture": "#missing"},
				"down": {"uv": [6, 5, 10, 6], "texture": "#1"}
			}
		},
		{
			"from": [2, 6, 6],
			"to": [3, 7, 7],
			"faces": {
				"north": {"uv": [6, 9, 7, 10], "texture": "#1"},
				"east": {"uv": [6, 9, 7, 10], "texture": "#1"},
				"south": {"uv": [6, 9, 7, 10], "texture": "#1"},
				"west": {"uv": [6, 9, 7, 10], "texture": "#1"},
				"up": {"uv": [6, 9, 7, 10], "texture": "#1"},
				"down": {"uv": [6, 9, 7, 10], "texture": "#1"}
			}
		},
		{
			"from": [13, 6, 6],
			"to": [14, 7, 7],
			"faces": {
				"north": {"uv": [9, 9, 10, 10], "texture": "#1"},
				"east": {"uv": [9, 9, 10, 10], "texture": "#1"},
				"south": {"uv": [9, 9, 10, 10], "texture": "#1"},
				"west": {"uv": [9, 9, 10, 10], "texture": "#1"},
				"up": {"uv": [9, 9, 10, 10], "texture": "#1"},
				"down": {"uv": [9, 9, 10, 10], "texture": "#1"}
			}
		},
		{
			"from": [13, 6, 9],
			"to": [14, 7, 10],
			"faces": {
				"north": {"uv": [6, 9, 7, 10], "texture": "#1"},
				"east": {"uv": [6, 9, 7, 10], "texture": "#1"},
				"south": {"uv": [6, 9, 7, 10], "texture": "#1"},
				"west": {"uv": [6, 9, 7, 10], "texture": "#1"},
				"up": {"uv": [6, 9, 7, 10], "texture": "#1"},
				"down": {"uv": [6, 9, 7, 10], "texture": "#1"}
			}
		},
		{
			"from": [13, 9, 9],
			"to": [14, 10, 10],
			"faces": {
				"north": {"uv": [6, 6, 7, 7], "texture": "#1"},
				"east": {"uv": [6, 6, 7, 7], "texture": "#1"},
				"south": {"uv": [6, 6, 7, 7], "texture": "#1"},
				"west": {"uv": [6, 6, 7, 7], "texture": "#1"},
				"up": {"uv": [6, 6, 7, 7], "texture": "#1"},
				"down": {"uv": [6, 6, 7, 7], "texture": "#1"}
			}
		},
		{
			"from": [13, 9, 6],
			"to": [14, 10, 7],
			"faces": {
				"north": {"uv": [9, 6, 10, 7], "texture": "#1"},
				"east": {"uv": [9, 6, 10, 7], "texture": "#1"},
				"south": {"uv": [9, 6, 10, 7], "texture": "#1"},
				"west": {"uv": [9, 6, 10, 7], "texture": "#1"},
				"up": {"uv": [9, 6, 10, 7], "texture": "#1"},
				"down": {"uv": [9, 6, 10, 7], "texture": "#1"}
			}
		},
		{
			"from": [9, 9, 2],
			"to": [10, 10, 3],
			"faces": {
				"north": {"uv": [6, 6, 7, 7], "texture": "#1"},
				"east": {"uv": [6, 6, 7, 7], "texture": "#1"},
				"south": {"uv": [6, 6, 7, 7], "texture": "#1"},
				"west": {"uv": [6, 6, 7, 7], "texture": "#1"},
				"up": {"uv": [6, 6, 7, 7], "texture": "#1"},
				"down": {"uv": [6, 6, 7, 7], "texture": "#1"}
			}
		},
		{
			"from": [6, 9, 2],
			"to": [7, 10, 3],
			"faces": {
				"north": {"uv": [9, 6, 10, 7], "texture": "#1"},
				"east": {"uv": [9, 6, 10, 7], "texture": "#1"},
				"south": {"uv": [9, 6, 10, 7], "texture": "#1"},
				"west": {"uv": [9, 6, 10, 7], "texture": "#1"},
				"up": {"uv": [9, 6, 10, 7], "texture": "#1"},
				"down": {"uv": [9, 6, 10, 7], "texture": "#1"}
			}
		},
		{
			"from": [6, 6, 2],
			"to": [7, 7, 3],
			"faces": {
				"north": {"uv": [9, 9, 10, 10], "texture": "#1"},
				"east": {"uv": [9, 9, 10, 10], "texture": "#1"},
				"south": {"uv": [9, 9, 10, 10], "texture": "#1"},
				"west": {"uv": [9, 9, 10, 10], "texture": "#1"},
				"up": {"uv": [9, 9, 10, 10], "texture": "#1"},
				"down": {"uv": [9, 9, 10, 10], "texture": "#1"}
			}
		},
		{
			"from": [9, 6, 2],
			"to": [10, 7, 3],
			"faces": {
				"north": {"uv": [6, 9, 7, 10], "texture": "#1"},
				"east": {"uv": [6, 9, 7, 10], "texture": "#1"},
				"south": {"uv": [6, 9, 7, 10], "texture": "#1"},
				"west": {"uv": [6, 9, 7, 10], "texture": "#1"},
				"up": {"uv": [6, 9, 7, 10], "texture": "#1"},
				"down": {"uv": [6, 9, 7, 10], "texture": "#1"}
			}
		},
		{
			"from": [9, 6, 13],
			"to": [10, 7, 14],
			"faces": {
				"north": {"uv": [9, 9, 10, 10], "texture": "#1"},
				"east": {"uv": [9, 9, 10, 10], "texture": "#1"},
				"south": {"uv": [9, 9, 10, 10], "texture": "#1"},
				"west": {"uv": [9, 9, 10, 10], "texture": "#1"},
				"up": {"uv": [9, 9, 10, 10], "texture": "#1"},
				"down": {"uv": [9, 9, 10, 10], "texture": "#1"}
			}
		},
		{
			"from": [6, 6, 13],
			"to": [7, 7, 14],
			"faces": {
				"north": {"uv": [6, 9, 7, 10], "texture": "#1"},
				"east": {"uv": [6, 9, 7, 10], "texture": "#1"},
				"south": {"uv": [6, 9, 7, 10], "texture": "#1"},
				"west": {"uv": [6, 9, 7, 10], "texture": "#1"},
				"up": {"uv": [6, 9, 7, 10], "texture": "#1"},
				"down": {"uv": [6, 9, 7, 10], "texture": "#1"}
			}
		},
		{
			"from": [6, 9, 13],
			"to": [7, 10, 14],
			"faces": {
				"north": {"uv": [6, 6, 7, 7], "texture": "#1"},
				"east": {"uv": [6, 6, 7, 7], "texture": "#1"},
				"south": {"uv": [6, 6, 7, 7], "texture": "#1"},
				"west": {"uv": [6, 6, 7, 7], "texture": "#1"},
				"up": {"uv": [6, 6, 7, 7], "texture": "#1"},
				"down": {"uv": [6, 6, 7, 7], "texture": "#1"}
			}
		},
		{
			"from": [9, 9, 13],
			"to": [10, 10, 14],
			"faces": {
				"north": {"uv": [9, 6, 10, 7], "texture": "#1"},
				"east": {"uv": [9, 6, 10, 7], "texture": "#1"},
				"south": {"uv": [9, 6, 10, 7], "texture": "#1"},
				"west": {"uv": [9, 6, 10, 7], "texture": "#1"},
				"up": {"uv": [9, 6, 10, 7], "texture": "#1"},
				"down": {"uv": [9, 6, 10, 7], "texture": "#1"}
			}
		},
		{
			"from": [2, 9, 6],
			"to": [3, 10, 7],
			"faces": {
				"north": {"uv": [6, 6, 7, 7], "texture": "#1"},
				"east": {"uv": [6, 6, 7, 7], "texture": "#1"},
				"south": {"uv": [6, 6, 7, 7], "texture": "#1"},
				"west": {"uv": [6, 6, 7, 7], "texture": "#1"},
				"up": {"uv": [6, 6, 7, 7], "texture": "#1"},
				"down": {"uv": [6, 6, 7, 7], "texture": "#1"}
			}
		},
		{
			"from": [2, 6, 9],
			"to": [3, 7, 10],
			"faces": {
				"north": {"uv": [9, 9, 10, 10], "texture": "#1"},
				"east": {"uv": [9, 9, 10, 10], "texture": "#1"},
				"south": {"uv": [9, 9, 10, 10], "texture": "#1"},
				"west": {"uv": [9, 9, 10, 10], "texture": "#1"},
				"up": {"uv": [9, 9, 10, 10], "texture": "#1"},
				"down": {"uv": [9, 9, 10, 10], "texture": "#1"}
			}
		},
		{
			"from": [2, 9, 9],
			"to": [3, 10, 10],
			"faces": {
				"north": {"uv": [9, 6, 10, 7], "texture": "#1"},
				"east": {"uv": [9, 6, 10, 7], "texture": "#1"},
				"south": {"uv": [9, 6, 10, 7], "texture": "#1"},
				"west": {"uv": [9, 6, 10, 7], "texture": "#1"},
				"up": {"uv": [9, 6, 10, 7], "texture": "#1"},
				"down": {"uv": [9, 6, 10, 7], "texture": "#1"}
			}
		},
		{
			"from": [3, 6, 6],
			"to": [4, 10, 10],
			"faces": {
				"north": {"uv": [6, 6, 10, 10], "texture": "#missing"},
				"east": {"uv": [6, 6, 10, 10], "texture": "#missing"},
				"south": {"uv": [6, 6, 10, 10], "texture": "#missing"},
				"west": {"uv": [6, 6, 10, 10], "texture": "#1"},
				"up": {"uv": [6, 6, 10, 10], "texture": "#missing"},
				"down": {"uv": [6, 6, 10, 10], "texture": "#missing"}
			}
		},
		{
			"from": [12, 6, 6],
			"to": [13, 10, 10],
			"faces": {
				"north": {"uv": [6, 6, 10, 10], "texture": "#missing"},
				"east": {"uv": [6, 6, 10, 10], "texture": "#1"},
				"south": {"uv": [6, 6, 10, 10], "texture": "#missing"},
				"west": {"uv": [6, 6, 10, 10], "texture": "#missing"},
				"up": {"uv": [6, 6, 10, 10], "texture": "#missing"},
				"down": {"uv": [6, 6, 10, 10], "texture": "#missing"}
			}
		},
		{
			"from": [6, 6, 12],
			"to": [10, 10, 13],
			"faces": {
				"north": {"uv": [6, 6, 10, 10], "texture": "#missing"},
				"east": {"uv": [6, 6, 10, 10], "texture": "#missing"},
				"south": {"uv": [6, 6, 10, 10], "texture": "#1"},
				"west": {"uv": [6, 6, 10, 10], "texture": "#missing"},
				"up": {"uv": [6, 6, 10, 10], "texture": "#missing"},
				"down": {"uv": [6, 6, 10, 10], "texture": "#missing"}
			}
		},
		{
			"from": [6, 6, 3],
			"to": [10, 10, 4],
			"faces": {
				"north": {"uv": [6, 6, 10, 10], "texture": "#1"},
				"east": {"uv": [6, 6, 10, 10], "texture": "#missing"},
				"south": {"uv": [6, 6, 10, 10], "texture": "#missing"},
				"west": {"uv": [6, 6, 10, 10], "texture": "#missing"},
				"up": {"uv": [6, 6, 10, 10], "texture": "#missing"},
				"down": {"uv": [6, 6, 10, 10], "texture": "#missing"}
			}
		}
	],
	"display": {
		"thirdperson_righthand": {
			"rotation": [75, 45, 0],
			"translation": [0, 2.5, 0],
			"scale": [0.375, 0.375, 0.375]
		},
		"thirdperson_lefthand": {
			"rotation": [75, 45, 0],
			"translation": [0, 2.5, 0],
			"scale": [0.375, 0.375, 0.375]
		},
		"firstperson_righthand": {
			"rotation": [0, 45, 0],
			"scale": [0.4, 0.4, 0.4]
		},
		"firstperson_lefthand": {
			"rotation": [0, 225, 0],
			"scale": [0.4, 0.4, 0.4]
		},
		"ground": {
			"translation": [0, 3, 0],
			"scale": [0.25, 0.25, 0.25]
		},
		"gui": {
			"rotation": [30, 225, 0],
			"scale": [0.625, 0.625, 0.625]
		},
		"fixed": {
			"scale": [0.5, 0.5, 0.5]
		}
	}
}