{
	"credit": "Made by LeoTecno using BlockBench",
	"parent": "block/orientable",
	"textures": {
		"top": "block/tables/loom/top",
		"bottom": "block/tables/loom/bottom",
		"front": "block/tables/loom/front",
		"side": "block/tables/loom/side"
	},
	"elements": [
		{
			"from": [1, 1, 2],
			"to": [2, 15, 14],
			"rotation": {"angle": 0, "axis": "y", "origin": [1.5, 1.5, 1.5]},
			"faces": {
				"north": {"uv": [0, 0, 1, 14], "texture": "#missing"},
				"east": {"uv": [0, 0, 12, 14], "texture": "#bottom"},
				"south": {"uv": [0, 0, 1, 14], "texture": "#missing"},
				"west": {"uv": [2, 1, 14, 15], "texture": "#side"},
				"up": {"uv": [1, 2, 2, 14], "texture": "#top"},
				"down": {"uv": [1, 2, 2, 14], "texture": "#bottom"}
			}
		},
		{
			"from": [14, 1, 2],
			"to": [15, 15, 14],
			"rotation": {"angle": 0, "axis": "y", "origin": [14.5, 1.5, 1.5]},
			"faces": {
				"north": {"uv": [0, 0, 1, 14], "texture": "#missing"},
				"east": {"uv": [2, 1, 14, 15], "texture": "#side"},
				"south": {"uv": [0, 0, 1, 14], "texture": "#missing"},
				"west": {"uv": [0, 0, 12, 14], "texture": "#bottom"},
				"up": {"uv": [14, 2, 15, 14], "texture": "#top"},
				"down": {"uv": [14, 2, 15, 14], "texture": "#bottom"}
			}
		},
		{
			"from": [1, 1, 1],
			"to": [15, 15, 2],
			"rotation": {"angle": 0, "axis": "y", "origin": [9, 9, 9]},
			"faces": {
				"north": {"uv": [1, 1, 15, 15], "texture": "#front"},
				"east": {"uv": [14, 1, 15, 15], "texture": "#side"},
				"south": {"uv": [0, 0, 14, 14], "texture": "#bottom"},
				"west": {"uv": [1, 1, 2, 15], "texture": "#side"},
				"up": {"uv": [1, 14, 15, 15], "texture": "#top"},
				"down": {"uv": [1, 14, 15, 15], "texture": "#bottom"}
			}
		},
		{
			"from": [1, 1, 14],
			"to": [15, 15, 15],
			"rotation": {"angle": 0, "axis": "y", "origin": [8, 8, 14.5]},
			"faces": {
				"north": {"uv": [1, 1, 15, 15], "texture": "#bottom"},
				"east": {"uv": [1, 1, 2, 15], "texture": "#side"},
				"south": {"uv": [1, 1, 15, 15], "texture": "#side"},
				"west": {"uv": [14, 1, 15, 15], "texture": "#side"},
				"up": {"uv": [1, 1, 15, 2], "texture": "#top"},
				"down": {"uv": [1, 1, 15, 2], "texture": "#bottom"}
			}
		},
		{
			"from": [2, 14, 2],
			"to": [14, 15, 14],
			"rotation": {"angle": 0, "axis": "y", "origin": [2.5, 14.5, 13.5]},
			"faces": {
				"north": {"uv": [0, 0, 12, 1], "texture": "#missing"},
				"east": {"uv": [0, 0, 12, 1], "texture": "#missing"},
				"south": {"uv": [0, 0, 12, 1], "texture": "#missing"},
				"west": {"uv": [0, 0, 12, 1], "texture": "#missing"},
				"up": {"uv": [2, 2, 14, 14], "texture": "#top"},
				"down": {"uv": [0, 0, 12, 12], "texture": "#bottom"}
			}
		},
		{
			"from": [2, 1, 2],
			"to": [14, 2, 14],
			"rotation": {"angle": 0, "axis": "y", "origin": [10, 9, 10]},
			"faces": {
				"north": {"uv": [0, 0, 12, 1], "texture": "#bottom"},
				"east": {"uv": [0, 0, 12, 1], "texture": "#bottom"},
				"south": {"uv": [0, 0, 12, 1], "texture": "#bottom"},
				"west": {"uv": [0, 0, 12, 1], "texture": "#bottom"},
				"up": {"uv": [0, 0, 12, 12], "texture": "#bottom"},
				"down": {"uv": [2, 2, 14, 14], "texture": "#bottom"}
			}
		},
		{
			"from": [0, 0, 0],
			"to": [16, 1, 1],
			"rotation": {"angle": 0, "axis": "y", "origin": [8, 0.5, 0.5]},
			"faces": {
				"north": {"uv": [0, 15, 16, 16], "texture": "#front"},
				"east": {"uv": [15, 15, 16, 16], "texture": "#side"},
				"south": {"uv": [0, 15, 16, 16], "texture": "#front"},
				"west": {"uv": [0, 15, 1, 16], "texture": "#side"},
				"up": {"uv": [0, 15, 16, 16], "texture": "#front"},
				"down": {"uv": [0, 15, 16, 16], "texture": "#front"}
			}
		},
		{
			"from": [0, 15, 0],
			"to": [16, 16, 1],
			"rotation": {"angle": 0, "axis": "y", "origin": [8, 15.5, 0.5]},
			"faces": {
				"north": {"uv": [0, 0, 16, 1], "texture": "#front"},
				"east": {"uv": [15, 0, 16, 1], "texture": "#side"},
				"south": {"uv": [0, 0, 16, 1], "texture": "#top"},
				"west": {"uv": [0, 0, 1, 1], "texture": "#side"},
				"up": {"uv": [0, 0, 16, 1], "texture": "#top"},
				"down": {"uv": [0, 0, 16, 1], "texture": "#front"}
			}
		},
		{
			"from": [0, 15, 1],
			"to": [1, 16, 15],
			"rotation": {"angle": 0, "axis": "y", "origin": [0.5, 15.5, 8]},
			"faces": {
				"north": {"uv": [0, 0, 1, 1], "texture": "#missing"},
				"east": {"uv": [1, 15, 15, 16], "texture": "#top"},
				"south": {"uv": [0, 0, 1, 1], "texture": "#missing"},
				"west": {"uv": [1, 0, 15, 1], "texture": "#side"},
				"up": {"uv": [0, 1, 1, 15], "texture": "#top"},
				"down": {"uv": [0, 2, 1, 16], "texture": "#side"}
			}
		},
		{
			"from": [15, 15, 1],
			"to": [16, 16, 15],
			"rotation": {"angle": 0, "axis": "y", "origin": [15.5, 15.5, 8]},
			"faces": {
				"north": {"uv": [0, 0, 1, 1], "texture": "#missing"},
				"east": {"uv": [1, 0, 15, 1], "texture": "#side"},
				"south": {"uv": [0, 0, 1, 1], "texture": "#missing"},
				"west": {"uv": [1, 15, 15, 16], "texture": "#top"},
				"up": {"uv": [15, 1, 16, 15], "texture": "#top"},
				"down": {"uv": [15, 1, 16, 15], "texture": "#side"}
			}
		},
		{
			"from": [15, 0, 1],
			"to": [16, 1, 15],
			"rotation": {"angle": 0, "axis": "y", "origin": [15.5, 0.5, 8]},
			"faces": {
				"north": {"uv": [0, 0, 1, 1], "texture": "#missing"},
				"east": {"uv": [1, 15, 15, 16], "texture": "#side"},
				"south": {"uv": [0, 0, 1, 1], "texture": "#missing"},
				"west": {"uv": [1, 15, 15, 16], "texture": "#side"},
				"up": {"uv": [0, 1, 1, 15], "texture": "#side"},
				"down": {"uv": [15, 0, 16, 14], "texture": "#side"}
			}
		},
		{
			"from": [0, 0, 1],
			"to": [1, 1, 15],
			"rotation": {"angle": 0, "axis": "y", "origin": [0.5, 0.5, 8]},
			"faces": {
				"north": {"uv": [0, 0, 1, 1], "texture": "#missing"},
				"east": {"uv": [1, 15, 15, 16], "texture": "#side"},
				"south": {"uv": [0, 0, 1, 1], "texture": "#missing"},
				"west": {"uv": [1, 15, 15, 16], "texture": "#side"},
				"up": {"uv": [15, 1, 16, 15], "texture": "#side"},
				"down": {"uv": [0, 1, 1, 15], "texture": "#side"}
			}
		},
		{
			"from": [0, 15, 15],
			"to": [16, 16, 16],
			"rotation": {"angle": 0, "axis": "y", "origin": [8, 15.5, 15.5]},
			"faces": {
				"north": {"uv": [0, 15, 16, 16], "texture": "#top"},
				"east": {"uv": [0, 0, 1, 1], "texture": "#side"},
				"south": {"uv": [0, 0, 16, 1], "texture": "#side"},
				"west": {"uv": [15, 0, 16, 1], "texture": "#side"},
				"up": {"uv": [0, 15, 16, 16], "texture": "#top"},
				"down": {"uv": [0, 0, 16, 1], "texture": "#side"}
			}
		},
		{
			"from": [0, 0, 15],
			"to": [16, 1, 16],
			"rotation": {"angle": 0, "axis": "y", "origin": [8, 0.5, 15.5]},
			"faces": {
				"north": {"uv": [0, 15, 16, 16], "texture": "#side"},
				"east": {"uv": [0, 15, 1, 16], "texture": "#side"},
				"south": {"uv": [0, 15, 16, 16], "texture": "#side"},
				"west": {"uv": [15, 15, 16, 16], "texture": "#side"},
				"up": {"uv": [0, 15, 16, 16], "texture": "#side"},
				"down": {"uv": [0, 15, 16, 16], "texture": "#side"}
			}
		},
		{
			"from": [0, 1, 0],
			"to": [1, 15, 1],
			"rotation": {"angle": 0, "axis": "y", "origin": [8, 9, 8]},
			"faces": {
				"north": {"uv": [15, 1, 16, 15], "texture": "#front"},
				"east": {"uv": [15, 1, 16, 15], "texture": "#front"},
				"south": {"uv": [0, 1, 1, 15], "texture": "#side"},
				"west": {"uv": [0, 1, 1, 15], "texture": "#side"},
				"up": {"uv": [0, 0, 1, 1], "texture": "#missing"},
				"down": {"uv": [0, 0, 1, 1], "texture": "#missing"}
			}
		},
		{
			"from": [0, 1, 15],
			"to": [1, 15, 16],
			"rotation": {"angle": 0, "axis": "y", "origin": [0.5, 8, 15.5]},
			"faces": {
				"north": {"uv": [15, 1, 16, 15], "texture": "#side"},
				"east": {"uv": [0, 1, 1, 15], "texture": "#side"},
				"south": {"uv": [0, 1, 1, 15], "texture": "#side"},
				"west": {"uv": [15, 1, 16, 15], "texture": "#side"},
				"up": {"uv": [0, 0, 1, 1], "texture": "#missing"},
				"down": {"uv": [0, 0, 1, 1], "texture": "#missing"}
			}
		},
		{
			"from": [15, 1, 15],
			"to": [16, 15, 16],
			"rotation": {"angle": 0, "axis": "y", "origin": [15.5, 8, 15.5]},
			"faces": {
				"north": {"uv": [0, 1, 1, 15], "texture": "#side"},
				"east": {"uv": [0, 1, 1, 15], "texture": "#side"},
				"south": {"uv": [0, 1, 1, 15], "texture": "#side"},
				"west": {"uv": [15, 1, 16, 15], "texture": "#side"},
				"up": {"uv": [0, 0, 1, 1], "texture": "#missing"},
				"down": {"uv": [0, 0, 1, 1], "texture": "#missing"}
			}
		},
		{
			"from": [15, 1, 0],
			"to": [16, 15, 1],
			"rotation": {"angle": 0, "axis": "y", "origin": [15.5, 8, 0.5]},
			"faces": {
				"north": {"uv": [0, 1, 1, 15], "texture": "#front"},
				"east": {"uv": [15, 1, 16, 15], "texture": "#side"},
				"south": {"uv": [15, 1, 16, 15], "texture": "#side"},
				"west": {"uv": [0, 1, 1, 15], "texture": "#front"},
				"up": {"uv": [0, 0, 1, 1], "texture": "#missing"},
				"down": {"uv": [0, 0, 1, 1], "texture": "#missing"}
			}
		},
		{
			"from": [0.25, 7, 1],
			"to": [1, 9, 15],
			"rotation": {"angle": 0, "axis": "y", "origin": [0.625, 8, 8]},
			"faces": {
				"north": {"uv": [0, 0, 0.75, 2], "texture": "#missing"},
				"east": {"uv": [0, 0, 14, 2], "texture": "#missing"},
				"south": {"uv": [0, 0, 0.75, 2], "texture": "#missing"},
				"west": {"uv": [1, 7, 15, 9], "texture": "#side"},
				"up": {"uv": [0, 1, 0.75, 15], "texture": "#side"},
				"down": {"uv": [0, 1, 0.75, 15], "texture": "#side"}
			}
		},
		{
			"from": [15, 7, 1],
			"to": [15.75, 9, 15],
			"rotation": {"angle": 0, "axis": "y", "origin": [15.5, 8.5, 1.5]},
			"faces": {
				"north": {"uv": [0, 0, 0.75, 2], "texture": "#missing"},
				"east": {"uv": [1, 7, 15, 9], "texture": "#side"},
				"south": {"uv": [0, 0, 0.75, 2], "texture": "#missing"},
				"west": {"uv": [0, 0, 14, 2], "texture": "#missing"},
				"up": {"uv": [0, 1, 0.75, 15], "texture": "#side"},
				"down": {"uv": [0, 1, 0.75, 15], "texture": "#side"}
			}
		},
		{
			"from": [1, 7, 15],
			"to": [15, 9, 15.75],
			"rotation": {"angle": 0, "axis": "y", "origin": [1.5, 7.5, 15.5]},
			"faces": {
				"north": {"uv": [0, 0, 14, 2], "texture": "#missing"},
				"east": {"uv": [0, 0, 0.75, 2], "texture": "#missing"},
				"south": {"uv": [1, 7, 15, 9], "texture": "#side"},
				"west": {"uv": [0, 0, 0.75, 2], "texture": "#missing"},
				"up": {"uv": [1, 0, 15, 0.75], "texture": "#side"},
				"down": {"uv": [1, 0, 15, 0.75], "texture": "#side"}
			}
		},
		{
			"from": [1, 7, 0.25],
			"to": [15, 8, 1],
			"rotation": {"angle": 0, "axis": "y", "origin": [1.5, 7.5, 0.5]},
			"faces": {
				"north": {"uv": [1, 8, 15, 9], "texture": "#front"},
				"east": {"uv": [0, 0, 1, 1], "texture": "#missing"},
				"south": {"uv": [0, 0, 14, 1], "texture": "#missing"},
				"west": {"uv": [0, 0, 1, 1], "texture": "#missing"},
				"up": {"uv": [1, 8, 15, 9], "texture": "#front"},
				"down": {"uv": [1, 8, 15, 9], "texture": "#front"}
			}
		},
		{
			"from": [1, 5, 0.25],
			"to": [15, 6, 1],
			"rotation": {"angle": 0, "axis": "y", "origin": [1.5, 5.5, 0.5]},
			"faces": {
				"north": {"uv": [1, 10, 15, 11], "texture": "#front"},
				"east": {"uv": [0, 0, 1, 1], "texture": "#missing"},
				"south": {"uv": [0, 0, 14, 1], "texture": "#missing"},
				"west": {"uv": [0, 0, 1, 1], "texture": "#missing"},
				"up": {"uv": [1, 8, 15, 9], "texture": "#front"},
				"down": {"uv": [1, 8, 15, 9], "texture": "#front"}
			}
		},
		{
			"from": [1, 6, 0.25],
			"to": [2, 7, 1],
			"rotation": {"angle": 0, "axis": "y", "origin": [9, 14, 8]},
			"faces": {
				"north": {"uv": [14, 9, 15, 10], "texture": "#front"},
				"east": {"uv": [1, 9, 2, 10], "texture": "#front"},
				"south": {"uv": [0, 0, 1, 1], "texture": "#missing"},
				"west": {"uv": [0, 0, 1, 1], "texture": "#missing"},
				"up": {"uv": [0, 0, 1, 1], "texture": "#missing"},
				"down": {"uv": [0, 0, 1, 1], "texture": "#missing"}
			}
		},
		{
			"from": [14, 6, 0.25],
			"to": [15, 7, 1],
			"rotation": {"angle": 0, "axis": "y", "origin": [14.5, 6.5, 0.5]},
			"faces": {
				"north": {"uv": [1, 9, 2, 10], "texture": "#front"},
				"east": {"uv": [0, 0, 1, 1], "texture": "#missing"},
				"south": {"uv": [0, 0, 1, 1], "texture": "#missing"},
				"west": {"uv": [1, 9, 2, 10], "texture": "#front"},
				"up": {"uv": [0, 0, 1, 1], "texture": "#missing"},
				"down": {"uv": [0, 0, 1, 1], "texture": "#missing"}
			}
		},
		{
			"from": [1, 15, 12],
			"to": [15, 15.75, 13],
			"rotation": {"angle": 0, "axis": "y", "origin": [1.5, 15.5, 12.5]},
			"faces": {
				"north": {"uv": [1, 12, 15, 13], "texture": "#top"},
				"east": {"uv": [0, 0, 1, 1], "texture": "#missing"},
				"south": {"uv": [1, 12, 15, 13], "texture": "#top"},
				"west": {"uv": [0, 0, 1, 1], "texture": "#missing"},
				"up": {"uv": [1, 12, 15, 13], "texture": "#top"},
				"down": {"uv": [0, 0, 14, 1], "texture": "#missing"}
			}
		}
	],
	"gui_light": "front",
	"display": {
		"thirdperson_righthand": {
			"rotation": [70, 37, 0],
			"translation": [0, 1.75, -1.75],
			"scale": [0.38, 0.38, 0.38]
		},
		"thirdperson_lefthand": {
			"rotation": [70, 37, 0],
			"translation": [0, 1.75, -1.75],
			"scale": [0.38, 0.38, 0.38]
		},
		"firstperson_righthand": {
			"rotation": [0, 109, 0],
			"translation": [1.5, 0.75, 0.5],
			"scale": [0.42, 0.42, 0.42]
		},
		"firstperson_lefthand": {
			"rotation": [0, 109, 0],
			"translation": [1.5, 0.75, 0.5],
			"scale": [0.42, 0.42, 0.42]
		},
		"ground": {
			"translation": [0, 1, 0],
			"scale": [0.4, 0.4, 0.4]
		},
		"gui": {
			"rotation": [30, -136, 0],
			"translation": [0.25, 0, -1.25],
			"scale": [0.62, 0.62, 0.62]
		},
		"fixed": {
			"translation": [0, 0, -1.25],
			"scale": [0.4, 0.4, 0.4]
		}
	},
	"groups": [
		{
			"name": "loom_side",
			"origin": [8, 8, 8],
			"color": 0,
			"children": [0, 1]
		},
		{
			"name": "loom_front",
			"origin": [9, 8, 9],
			"color": 0,
			"children": [2, 3]
		},
		{
			"name": "loom_top",
			"origin": [8, 8, 8],
			"color": 0,
			"children": [4]
		},
		{
			"name": "loom_bottom",
			"origin": [8, 8, 8],
			"color": 0,
			"children": [5]
		},
		{
			"name": "loom_details",
			"origin": [8, 8, 8],
			"color": 0,
			"children": [6, 7, 8, 9, 10, 11, 12, 13, 14, 15, 16, 17, 18, 19, 20, 21, 22, 23, 24, 25]
		}
	]
}