{
    "variants": {
        "": [ { "model": "block/dirt", "weight":400 },
{ "model": "block/dirt", "y": 90, "weight":400 },
{ "model": "block/dirt", "y": 180, "weight":400 },
{ "model": "block/dirt", "y": 270, "weight":400 },
{ "model": "block/dirt", "x": 90, "weight":400 },
{ "model": "block/dirt", "x": 180, "weight":400 },
{ "model": "block/dirt", "x": 270, "weight":400 },
{ "model": "block/dirt1", "weight":400 },
{ "model": "block/dirt1", "y": 90, "weight":400 },
{ "model": "block/dirt1", "y": 180, "weight":400 },
{ "model": "block/dirt1", "y": 270, "weight":400 },
{ "model": "block/dirt1", "x": 90, "weight":400 },
{ "model": "block/dirt1", "x": 180, "weight":400 },
{ "model": "block/dirt1", "x": 270, "weight":400 },
{ "model": "block/dirt2", "weight":400 },
{ "model": "block/dirt2", "y": 90, "weight":400 },
{ "model": "block/dirt2", "y": 180, "weight":400 },
{ "model": "block/dirt2", "y": 270, "weight":400 },
{ "model": "block/dirt2", "x": 90, "weight":400 },
{ "model": "block/dirt2", "x": 180, "weight":400 },
{ "model": "block/dirt2", "x": 270, "weight":400 },
{ "model": "block/dirt3", "weight":400 },
{ "model": "block/dirt3", "y": 90, "weight":400 },
{ "model": "block/dirt3", "y": 180, "weight":400 },
{ "model": "block/dirt3", "y": 270, "weight":400 },
{ "model": "block/dirt3", "x": 90, "weight":400 },
{ "model": "block/dirt3", "x": 180, "weight":400 },
{ "model": "block/dirt3", "x": 270, "weight":400 },
{ "model": "block/dirt4", "weight":50 },
{ "model": "block/dirt4", "y": 90, "weight":50 },
{ "model": "block/dirt4", "y": 180, "weight":50 },
{ "model": "block/dirt4", "y": 270, "weight":50 },
{ "model": "block/dirt4", "x": 90, "weight":50 },
{ "model": "block/dirt4", "x": 180, "weight":50 },
{ "model": "block/dirt4", "x": 270, "weight":50 },
{ "model": "block/dirt5", "weight":50 },
{ "model": "block/dirt5", "y": 90, "weight":50 },
{ "model": "block/dirt5", "y": 180, "weight":50 },
{ "model": "block/dirt5", "y": 270, "weight":50 },
{ "model": "block/dirt5", "x": 90, "weight":50 },
{ "model": "block/dirt5", "x": 180, "weight":50 },
{ "model": "block/dirt5", "x": 270, "weight":50 }


 ]   }
}
