{
    "variants": {
        "age=0": { "model": "block/stem/pumpkin/pumpkin_stem_stage0" },
        "age=1": { "model": "block/stem/pumpkin/pumpkin_stem_stage1" },
        "age=2": { "model": "block/stem/pumpkin/pumpkin_stem_stage2" },
        "age=3": { "model": "block/stem/pumpkin/pumpkin_stem_stage3" },
        "age=4": { "model": "block/stem/pumpkin/pumpkin_stem_stage4" },
        "age=5": { "model": "block/stem/pumpkin/pumpkin_stem_stage5" },
        "age=6": { "model": "block/stem/pumpkin/pumpkin_stem_stage6" },
        "age=7": { "model": "block/stem/pumpkin/pumpkin_stem_stage7" }
    }
}
