{
	"credit": "Made by LeoTecno using BlockBench",
	"textures": {
		"0": "block/barrel/side",
		"2": "block/barrel/top",
		"3": "block/barrel/bottom",
		"particle": "block/barrel/side"
	},
	"elements": [
		{
			"from": [0, 0, 0],
			"to": [16, 15, 16],
			"faces": {
				"north": {"uv": [0, 1, 16, 16], "texture": "#0"},
				"east": {"uv": [0, 1, 16, 16], "texture": "#0"},
				"south": {"uv": [0, 1, 16, 16], "texture": "#0"},
				"west": {"uv": [0, 1, 16, 16], "texture": "#0"},
				"up": {"uv": [0, 0, 16, 16], "texture": "#2"},
				"down": {"uv": [0, 0, 16, 16], "texture": "#3"}
			}
		},
		{
			"from": [0, 3, 16],
			"to": [16, 5, 16.5],
			"faces": {
				"north": {"uv": [0, 0, 16, 2], "texture": "#0"},
				"east": {"uv": [0, 3, 1, 5], "texture": "#0"},
				"south": {"uv": [0, 3, 16, 5], "texture": "#0"},
				"west": {"uv": [0, 3, 1, 5], "texture": "#0"},
				"up": {"uv": [0, 3, 16, 4], "texture": "#0"},
				"down": {"uv": [0, 4, 16, 5], "texture": "#0"}
			}
		},
		{
			"from": [-0.5, 11, 16],
			"to": [16.5, 13, 16.5],
			"faces": {
				"north": {"uv": [0, 0, 16, 2], "texture": "#0"},
				"east": {"uv": [15, 3, 16, 5], "texture": "#0"},
				"south": {"uv": [0, 3, 16, 5], "texture": "#0"},
				"west": {"uv": [0, 3, 1, 5], "texture": "#0"},
				"up": {"uv": [0, 3, 16, 4], "texture": "#0"},
				"down": {"uv": [0, 4, 16, 5], "texture": "#0"}
			}
		},
		{
			"from": [16, 3, -0.5],
			"to": [16.5, 5, 16.5],
			"faces": {
				"north": {"uv": [15, 3, 16, 5], "texture": "#0"},
				"east": {"uv": [0, 11, 16, 13], "texture": "#0"},
				"south": {"uv": [0, 3, 1, 5], "texture": "#0"},
				"west": {"uv": [0, 0, 16, 2], "texture": "#missing"},
				"up": {"uv": [0, 3, 1, 5], "texture": "#0"},
				"down": {"uv": [15, 11, 16, 13], "texture": "#0"}
			}
		},
		{
			"from": [16, 11, 0],
			"to": [16.5, 13, 16],
			"faces": {
				"north": {"uv": [15, 3, 16, 5], "texture": "#0"},
				"east": {"uv": [0, 3, 16, 5], "texture": "#0"},
				"south": {"uv": [0, 3, 1, 5], "texture": "#0"},
				"west": {"uv": [0, 0, 16, 2], "texture": "#0"},
				"up": {"uv": [0, 3, 1, 5], "texture": "#0"},
				"down": {"uv": [15, 3, 16, 5], "texture": "#0"}
			}
		},
		{
			"from": [0, 3, -0.5],
			"to": [16, 5, 0],
			"faces": {
				"north": {"uv": [0, 11, 16, 13], "texture": "#0"},
				"east": {"uv": [0, 3, 1, 5], "texture": "#0"},
				"south": {"uv": [0, 0, 16, 2], "texture": "#3"},
				"west": {"uv": [15, 3, 16, 5], "texture": "#0"},
				"up": {"uv": [0, 3, 16, 4], "texture": "#0"},
				"down": {"uv": [0, 4, 16, 5], "texture": "#0"}
			}
		},
		{
			"from": [-0.5, 11, -0.5],
			"to": [16.5, 13, 0],
			"faces": {
				"north": {"uv": [0, 3, 16, 5], "texture": "#0"},
				"east": {"uv": [0, 3, 1, 5], "texture": "#0"},
				"south": {"uv": [0, 0, 16, 2], "texture": "#0"},
				"west": {"uv": [15, 3, 16, 5], "texture": "#0"},
				"up": {"uv": [0, 3, 16, 4], "texture": "#0"},
				"down": {"uv": [0, 4, 16, 5], "texture": "#0"}
			}
		},
		{
			"from": [-0.5, 3, -0.5],
			"to": [0, 5, 16.5],
			"faces": {
				"north": {"uv": [0, 3, 1, 5], "texture": "#0"},
				"east": {"uv": [0, 0, 16, 2], "texture": "#0"},
				"south": {"uv": [15, 3, 16, 5], "texture": "#0"},
				"west": {"uv": [0, 3, 16, 5], "texture": "#0"},
				"up": {"uv": [0, 11, 1, 13], "texture": "#0"},
				"down": {"uv": [15, 3, 16, 5], "texture": "#0"}
			}
		},
		{
			"from": [-0.5, 11, 0],
			"to": [0, 13, 16],
			"faces": {
				"north": {"uv": [0, 3, 1, 5], "texture": "#0"},
				"east": {"uv": [0, 0, 16, 2], "texture": "#0"},
				"south": {"uv": [15, 3, 16, 5], "texture": "#0"},
				"west": {"uv": [0, 3, 16, 5], "texture": "#0"},
				"up": {"uv": [0, 3, 1, 5], "texture": "#0"},
				"down": {"uv": [15, 11, 16, 13], "texture": "#0"}
			}
		},
		{
			"from": [2, 15, 4],
			"to": [14, 15.7, 11],
			"faces": {
				"north": {"uv": [0, 0, 12, 1], "texture": "#2"},
				"east": {"uv": [0, 0, 7, 1], "texture": "#2"},
				"south": {"uv": [0, 0, 12, 1], "texture": "#2"},
				"west": {"uv": [0, 0, 7, 1], "texture": "#2"},
				"up": {"uv": [2, 5, 14, 12], "texture": "#2"},
				"down": {"uv": [0, 0, 12, 7], "texture": "#0"}
			}
		},
		{
			"from": [3, 15, 11],
			"to": [13, 15.7, 13],
			"faces": {
				"north": {"uv": [0, 0, 10, 1], "texture": "#missing"},
				"east": {"uv": [0, 0, 2, 1], "texture": "#2"},
				"south": {"uv": [0, 0, 10, 1], "texture": "#2"},
				"west": {"uv": [0, 0, 2, 1], "texture": "#2"},
				"up": {"uv": [3, 3, 13, 5], "texture": "#2"},
				"down": {"uv": [0, 0, 10, 2], "texture": "#0"}
			}
		},
		{
			"from": [4, 15, 13],
			"to": [12, 15.7, 14],
			"faces": {
				"north": {"uv": [0, 0, 8, 1], "texture": "#missing"},
				"east": {"uv": [0, 0, 1, 1], "texture": "#2"},
				"south": {"uv": [0, 0, 8, 1], "texture": "#2"},
				"west": {"uv": [0, 0, 1, 1], "texture": "#2"},
				"up": {"uv": [4, 2, 12, 3], "texture": "#2"},
				"down": {"uv": [0, 0, 8, 1], "texture": "#0"}
			}
		},
		{
			"from": [4, 15, 2],
			"to": [12, 15.7, 4],
			"faces": {
				"north": {"uv": [0, 0, 8, 1], "texture": "#2"},
				"east": {"uv": [0, 0, 2, 1], "texture": "#2"},
				"south": {"uv": [0, 0, 8, 1], "texture": "#missing"},
				"west": {"uv": [0, 0, 2, 1], "texture": "#2"},
				"up": {"uv": [4, 11, 12, 13], "texture": "#2"},
				"down": {"uv": [0, 0, 8, 2], "texture": "#0"}
			}
		},
		{
			"from": [3, 15.5, 7],
			"to": [5, 16, 9],
			"faces": {
				"north": {"uv": [3, 9, 5, 10], "texture": "#2"},
				"east": {"uv": [3, 9, 5, 10], "texture": "#2"},
				"south": {"uv": [3, 9, 5, 10], "texture": "#2"},
				"west": {"uv": [3, 9, 5, 10], "texture": "#2"},
				"up": {"uv": [3, 8, 5, 10], "texture": "#2"},
				"down": {"uv": [3, 7, 5, 9], "texture": "#2"}
			}
		},
		{
			"from": [0, 15, 0],
			"to": [1, 16, 16],
			"faces": {
				"north": {"uv": [0, 0, 1, 1], "texture": "#2"},
				"east": {"uv": [0, 0, 16, 1], "texture": "#2"},
				"south": {"uv": [0, 0, 1, 1], "texture": "#2"},
				"west": {"uv": [0, 15, 1, 16], "texture": "#2"},
				"up": {"uv": [0, 0, 1, 16], "texture": "#2"},
				"down": {"uv": [0, 0, 1, 16], "texture": "#2"}
			}
		},
		{
			"from": [1, 15, 0],
			"to": [16, 16, 1],
			"faces": {
				"north": {"uv": [0, 0, 15, 1], "texture": "#2"},
				"east": {"uv": [0, 0, 1, 1], "texture": "#2"},
				"south": {"uv": [0, 0, 15, 1], "texture": "#2"},
				"west": {"uv": [0, 0, 15, 1], "texture": "#2"},
				"up": {"uv": [0, 0, 15, 1], "texture": "#2"},
				"down": {"uv": [0, 0, 15, 1], "texture": "#2"}
			}
		},
		{
			"from": [15, 15, 1],
			"to": [16, 16, 16],
			"faces": {
				"north": {"uv": [0, 0, 1, 15], "texture": "#2"},
				"east": {"uv": [0, 0, 1, 1], "texture": "#2"},
				"south": {"uv": [0, 0, 1, 1], "texture": "#2"},
				"west": {"uv": [0, 0, 16, 1], "texture": "#2"},
				"up": {"uv": [0, 0, 1, 15], "texture": "#2"},
				"down": {"uv": [0, 0, 1, 15], "texture": "#2"}
			}
		},
		{
			"from": [1, 15, 15],
			"to": [15, 16, 16],
			"faces": {
				"north": {"uv": [0, 0, 16, 1], "texture": "#2"},
				"east": {"uv": [0, 0, 16, 1], "texture": "#2"},
				"south": {"uv": [0, 0, 16, 1], "texture": "#2"},
				"west": {"uv": [0, 0, 16, 1], "texture": "#2"},
				"up": {"uv": [0, 0, 16, 1], "texture": "#2"},
				"down": {"uv": [0, 0, 16, 1], "texture": "#2"}
			}
		}
	],
	"display": {
		"thirdperson_righthand": {
			"rotation": [57, 44, 0],
			"translation": [0, 0.5, -1.75],
			"scale": [0.31, 0.31, 0.31]
		},
		"thirdperson_lefthand": {
			"rotation": [19, 44, 0],
			"scale": [0.21, 0.23, 0.21]
		},
		"firstperson_righthand": {
			"rotation": [0, 29, 0],
			"translation": [0, -0.5, 0],
			"scale": [0.52, 0.5, 0.48]
		},
		"firstperson_lefthand": {
			"rotation": [0, 29, 0],
			"translation": [0, -0.5, 0],
			"scale": [0.52, 0.5, 0.48]
		},
		"ground": {
			"translation": [0, 2, 0],
			"scale": [0.25, 0.25, 0.25]
		},
		"gui": {
			"rotation": [29, -51, 1],
			"translation": [0.25, 0, 0],
			"scale": [0.62, 0.62, 0.62]
		},
		"fixed": {
			"scale": [0.43, 0.47, 0.52]
		}
	}
}