{
	"credit": "Made with Blockbench",
	"parent": "block/generic_block",
	"textures": {
		"5": "block/furnaces/normal/off/coal",
		"fuel": "block/furnaces/blast/off/blast_furnace_top",
		"particle": "block/furnaces/blast/off/blast_furnace_front",
		"front": "block/furnaces/blast/off/blast_furnace_front",
		"top": "block/furnaces/blast/off/blast_furnace_top",
		"side": "block/furnaces/blast/off/blast_furnace_side",
		"bottom": "block/furnaces/blast/off/blast_furnace_top"
	},
	"elements": [
		{
			"name": "Inside",
			"from": [4, 3, 13],
			"to": [12, 9, 2],
			"faces": {
				"north": {"uv": [4, 2, 12, 9], "texture": "#fuel", "cullface": "north"},
				"east": {"uv": [2, 3, 13, 9], "texture": "#fuel", "cullface": "north"},
				"west": {"uv": [2, 3, 13, 9], "texture": "#fuel", "cullface": "north"},
				"up": {"uv": [4, 2, 12, 13], "texture": "#fuel", "cullface": "north"},
				"down": {"uv": [4, 2, 12, 13], "texture": "#fuel", "cullface": "north"}
			}
		},
		{
			"name": "Top",
			"from": [0, 15, 0],
			"to": [16, 16, 16],
			"faces": {
				"north": {"uv": [0, 0, 16, 1], "rotation": 180, "texture": "#top", "cullface": "north"},
				"east": {"uv": [15, 0, 16, 16], "rotation": 90, "texture": "#top", "cullface": "east"},
				"south": {"uv": [0, 15, 16, 16], "texture": "#top", "cullface": "south"},
				"west": {"uv": [0, 0, 1, 16], "rotation": 270, "texture": "#top", "cullface": "west"},
				"up": {"uv": [0, 0, 16, 16], "texture": "#top", "cullface": "up"},
				"down": {"uv": [0, 16, 16, 0], "texture": "#top", "cullface": "Know2Good"}
			}
		},
		{
			"name": "Sides, bottom",
			"from": [1, 1, 1],
			"to": [15, 16, 15],
			"faces": {
				"east": {"uv": [1, 0, 15, 15], "texture": "#side", "cullface": "east"},
				"south": {"uv": [1, 0, 15, 15], "texture": "#side", "cullface": "south"},
				"west": {"uv": [1, 0, 15, 15], "texture": "#side", "cullface": "west"},
				"down": {"uv": [1, 1, 15, 15], "texture": "#bottom", "cullface": "down"}
			}
		},
		{
			"name": "Frame north-west",
			"from": [0, 0, 0],
			"to": [1, 15, 1],
			"faces": {
				"north": {"uv": [15, 1, 16, 16], "texture": "#front", "cullface": "north"},
				"east": {"uv": [15, 1, 16, 16], "texture": "#front", "cullface": "north"},
				"south": {"uv": [15, 1, 16, 16], "texture": "#front", "cullface": "west"},
				"west": {"uv": [15, 1, 16, 16], "texture": "#front", "cullface": "west"},
				"down": {"uv": [15, 15, 16, 16], "texture": "#front", "cullface": "down"}
			}
		},
		{
			"name": "Frame north-east",
			"from": [15, 0, 0],
			"to": [16, 15, 1],
			"faces": {
				"north": {"uv": [0, 1, 1, 16], "texture": "#front", "cullface": "north"},
				"east": {"uv": [0, 1, 1, 16], "texture": "#front", "cullface": "east"},
				"south": {"uv": [0, 1, 1, 16], "texture": "#front", "cullface": "east"},
				"west": {"uv": [0, 1, 1, 16], "texture": "#front", "cullface": "north"},
				"down": {"uv": [0, 15, 1, 16], "texture": "#front", "cullface": "down"}
			}
		},
		{
			"name": "Frame south-east",
			"from": [15, 0, 15],
			"to": [16, 15, 16],
			"faces": {
				"north": {"uv": [0, 1, 1, 16], "texture": "#side", "cullface": "east"},
				"east": {"uv": [0, 1, 1, 16], "texture": "#side", "cullface": "east"},
				"south": {"uv": [0, 1, 1, 16], "texture": "#side", "cullface": "south"},
				"west": {"uv": [0, 1, 1, 16], "texture": "#side", "cullface": "south"},
				"down": {"uv": [0, 15, 1, 16], "texture": "#side", "cullface": "down"}
			}
		},
		{
			"name": "Frame south-west",
			"from": [0, 0, 15],
			"to": [1, 15, 16],
			"faces": {
				"north": {"uv": [15, 1, 16, 16], "texture": "#side", "cullface": "west"},
				"east": {"uv": [15, 1, 16, 16], "texture": "#side", "cullface": "south"},
				"south": {"uv": [15, 1, 16, 16], "texture": "#side", "cullface": "south"},
				"west": {"uv": [15, 1, 16, 16], "texture": "#side", "cullface": "west"},
				"down": {"uv": [15, 15, 16, 16], "texture": "#side", "cullface": "down"}
			}
		},
		{
			"name": "Frame bottom north",
			"from": [1, 0, 0],
			"to": [15, 1, 1],
			"faces": {
				"north": {"uv": [1, 15, 15, 16], "texture": "#front", "cullface": "north"},
				"south": {"uv": [1, 15, 15, 16], "rotation": 180, "texture": "#front", "cullface": "down"},
				"up": {"uv": [1, 15, 15, 16], "rotation": 180, "texture": "#front", "cullface": "north"},
				"down": {"uv": [1, 15, 15, 16], "rotation": 180, "texture": "#front", "cullface": "down"}
			}
		},
		{
			"name": "Frame bottom east",
			"from": [15, 0, 1],
			"to": [16, 1, 15],
			"faces": {
				"east": {"uv": [1, 15, 15, 16], "texture": "#side", "cullface": "east"},
				"west": {"uv": [1, 15, 15, 16], "rotation": 180, "texture": "#side", "cullface": "down"},
				"up": {"uv": [1, 15, 15, 16], "rotation": 270, "texture": "#side", "cullface": "east"},
				"down": {"uv": [1, 15, 15, 16], "rotation": 90, "texture": "#side", "cullface": "down"}
			}
		},
		{
			"name": "Frame bottom south",
			"from": [1, 0, 15],
			"to": [15, 1, 16],
			"faces": {
				"north": {"uv": [1, 15, 15, 16], "rotation": 180, "texture": "#side", "cullface": "down"},
				"south": {"uv": [1, 15, 15, 16], "texture": "#side", "cullface": "south"},
				"up": {"uv": [1, 15, 15, 16], "texture": "#side", "cullface": "south"},
				"down": {"uv": [1, 15, 15, 16], "texture": "#side", "cullface": "down"}
			}
		},
		{
			"name": "Frame bottom west",
			"from": [0, 0, 1],
			"to": [1, 1, 15],
			"faces": {
				"east": {"uv": [1, 15, 15, 16], "rotation": 180, "texture": "#side", "cullface": "down"},
				"west": {"uv": [1, 15, 15, 16], "texture": "#side", "cullface": "west"},
				"up": {"uv": [1, 15, 15, 16], "rotation": 90, "texture": "#side", "cullface": "west"},
				"down": {"uv": [1, 15, 15, 16], "rotation": 270, "texture": "#side", "cullface": "down"}
			}
		},
		{
			"name": "Front",
			"from": [1, 9, 1],
			"to": [15, 15, 1],
			"faces": {
				"north": {"uv": [1, 1, 15, 7], "texture": "#front", "cullface": "north"}
			}
		},
		{
			"name": "Front top left",
			"from": [13, 12, 0],
			"to": [15, 13, 1],
			"faces": {
				"north": {"uv": [1, 3, 3, 4], "texture": "#front", "cullface": "north"},
				"up": {"uv": [1, 3, 3, 4], "rotation": 180, "texture": "#front", "cullface": "north"},
				"down": {"uv": [1, 3, 3, 4], "rotation": 180, "texture": "#front", "cullface": "north"}
			}
		},
		{
			"name": "Front top left",
			"from": [12, 12, 0],
			"to": [13.01, 15, 1],
			"faces": {
				"north": {"uv": [3, 1, 4, 4], "texture": "#front", "cullface": "north"},
				"east": {"uv": [3, 1, 4, 4], "texture": "#front", "cullface": "north"},
				"west": {"uv": [3, 1, 4, 4], "texture": "#front", "cullface": "north"},
				"down": {"uv": [3, 3, 4, 4], "texture": "#front", "cullface": "north"}
			}
		},
		{
			"name": "Front top right",
			"from": [2.99, 12, 0],
			"to": [4, 15, 1],
			"faces": {
				"north": {"uv": [12, 1, 13, 4], "texture": "#front", "cullface": "north"},
				"east": {"uv": [12, 1, 13, 4], "texture": "#front", "cullface": "north"},
				"west": {"uv": [12, 1, 13, 4], "texture": "#front", "cullface": "north"},
				"down": {"uv": [12, 3, 13, 4], "texture": "#front", "cullface": "north"}
			}
		},
		{
			"name": "Front top right",
			"from": [1, 12, 0],
			"to": [3, 13, 1],
			"faces": {
				"north": {"uv": [13, 3, 15, 4], "texture": "#front", "cullface": "north"},
				"up": {"uv": [13, 3, 15, 4], "rotation": 180, "texture": "#front", "cullface": "north"},
				"down": {"uv": [13, 3, 15, 4], "rotation": 180, "texture": "#front", "cullface": "north"}
			}
		},
		{
			"name": "Front guard",
			"from": [9.5, 3.25, -3],
			"to": [10.5, 3.75, 1],
			"faces": {
				"east": {"uv": [5, 8, 6, 12], "rotation": 90, "texture": "#front", "cullface": "north"},
				"west": {"uv": [5, 8, 6, 12], "rotation": 270, "texture": "#front", "cullface": "north"},
				"up": {"uv": [5, 8, 6, 12], "texture": "#front", "cullface": "north"},
				"down": {"uv": [5, 8, 6, 12], "rotation": 180, "texture": "#front", "cullface": "north"}
			}
		},
		{
			"name": "Front guard",
			"from": [7.5, 3.25, -3],
			"to": [8.5, 3.75, 1],
			"faces": {
				"east": {"uv": [7, 8, 8, 12], "rotation": 90, "texture": "#front", "cullface": "north"},
				"west": {"uv": [7, 8, 8, 12], "rotation": 270, "texture": "#front", "cullface": "north"},
				"up": {"uv": [7, 8, 8, 12], "texture": "#front", "cullface": "north"},
				"down": {"uv": [7, 8, 8, 12], "rotation": 180, "texture": "#front", "cullface": "north"}
			}
		},
		{
			"name": "Front guard",
			"from": [5.5, 3.25, -3],
			"to": [6.5, 3.75, 1],
			"faces": {
				"east": {"uv": [9, 8, 10, 12], "rotation": 90, "texture": "#front", "cullface": "north"},
				"west": {"uv": [9, 8, 10, 12], "rotation": 270, "texture": "#front", "cullface": "north"},
				"up": {"uv": [9, 8, 10, 12], "texture": "#front", "cullface": "north"},
				"down": {"uv": [9, 8, 10, 12], "rotation": 180, "texture": "#front", "cullface": "north"}
			}
		},
		{
			"name": "Front guard top",
			"from": [4, 3, -4],
			"to": [12, 4, -3],
			"faces": {
				"north": {"uv": [4, 7, 12, 8], "texture": "#front", "cullface": "north"},
				"east": {"uv": [4, 7, 5, 8], "texture": "#front", "cullface": "north"},
				"south": {"uv": [4, 7, 12, 8], "texture": "#front", "cullface": "north"},
				"west": {"uv": [11, 7, 12, 8], "texture": "#front", "cullface": "north"},
				"up": {"uv": [4, 7, 12, 8], "rotation": 180, "texture": "#front", "cullface": "north"},
				"down": {"uv": [4, 7, 12, 8], "rotation": 180, "texture": "#front", "cullface": "north"}
			}
		},
		{
			"name": "Front guard left",
			"from": [4, 3, -3],
			"to": [5, 4, 1],
			"faces": {
				"east": {"uv": [4, 8, 5, 12], "rotation": 90, "texture": "#front", "cullface": "north"},
				"west": {"uv": [4, 8, 5, 12], "rotation": 270, "texture": "#front", "cullface": "north"},
				"up": {"uv": [4, 8, 5, 12], "texture": "#front", "cullface": "north"},
				"down": {"uv": [4, 8, 5, 12], "rotation": 180, "texture": "#front", "cullface": "north"}
			}
		},
		{
			"name": "Front guard right",
			"from": [11, 3, -3],
			"to": [12, 4, 1],
			"faces": {
				"east": {"uv": [11, 8, 12, 12], "rotation": 90, "texture": "#front", "cullface": "north"},
				"west": {"uv": [11, 8, 12, 12], "rotation": 270, "texture": "#front", "cullface": "north"},
				"up": {"uv": [11, 8, 12, 12], "texture": "#front", "cullface": "north"},
				"down": {"uv": [11, 8, 12, 12], "rotation": 180, "texture": "#front", "cullface": "north"}
			}
		},
		{
			"name": "Front guard bottom",
			"from": [4, 3, 1],
			"to": [12, 4, 2],
			"faces": {
				"north": {"uv": [4, 12, 12, 13], "texture": "#front", "cullface": "north"},
				"up": {"uv": [4, 12, 12, 13], "rotation": 180, "texture": "#front", "cullface": "north"}
			}
		},
		{
			"name": "Front opening top",
			"from": [2.99, 9, 0],
			"to": [13.01, 10, 2],
			"faces": {
				"north": {"uv": [3, 6, 13, 7], "texture": "#front", "cullface": "north"},
				"east": {"uv": [3, 6, 4, 7], "texture": "#front", "cullface": "north"},
				"west": {"uv": [12, 6, 13, 7], "texture": "#front", "cullface": "north"},
				"up": {"uv": [3, 6, 13, 7], "rotation": 180, "texture": "#front", "cullface": "north"},
				"down": {"uv": [3, 6, 13, 7], "rotation": 180, "texture": "#front", "cullface": "north"}
			}
		},
		{
			"name": "Front opening left",
			"from": [3, 3, 0],
			"to": [4, 9, 2],
			"faces": {
				"north": {"uv": [3, 7, 4, 13], "texture": "#front", "cullface": "north"},
				"east": {"uv": [3, 7, 4, 13], "texture": "#front", "cullface": "north"},
				"west": {"uv": [3, 7, 4, 13], "texture": "#front", "cullface": "north"}
			}
		},
		{
			"name": "Front opening right",
			"from": [12, 3, 0],
			"to": [13, 9, 2],
			"faces": {
				"north": {"uv": [12, 7, 13, 13], "texture": "#front", "cullface": "north"},
				"east": {"uv": [12, 7, 13, 13], "texture": "#front", "cullface": "north"},
				"west": {"uv": [12, 7, 13, 13], "texture": "#front", "cullface": "north"}
			}
		},
		{
			"name": "Front opening bottom",
			"from": [3, 2, 0],
			"to": [13, 3, 2],
			"faces": {
				"north": {"uv": [3, 13, 13, 14], "texture": "#front", "cullface": "north"},
				"east": {"uv": [12, 13, 13, 14], "texture": "#front", "cullface": "north"},
				"west": {"uv": [3, 13, 4, 14], "texture": "#front", "cullface": "north"},
				"up": {"uv": [3, 13, 13, 14], "rotation": 180, "texture": "#front", "cullface": "north"},
				"down": {"uv": [3, 13, 13, 14], "rotation": 180, "texture": "#front", "cullface": "north"}
			}
		},
		{
			"name": "Front left",
			"from": [13, 7, 1],
			"to": [15, 9, 1],
			"faces": {
				"north": {"uv": [1, 7, 3, 9], "texture": "#side", "cullface": "north"}
			}
		},
		{
			"name": "Front side left",
			"from": [13, 1, 0.5],
			"to": [15, 7, 1],
			"faces": {
				"north": {"uv": [1, 9, 3, 15], "texture": "#side", "cullface": "north"},
				"up": {"uv": [1, 9, 3, 10], "rotation": 180, "texture": "#side", "cullface": "north"}
			}
		},
		{
			"name": "Front side middle",
			"from": [3, 1, 0.5],
			"to": [13, 2, 1],
			"faces": {
				"north": {"uv": [3, 14, 13, 15], "texture": "#side", "cullface": "north"}
			}
		},
		{
			"name": "Front right",
			"from": [1, 7, 1],
			"to": [3, 9, 1],
			"faces": {
				"north": {"uv": [13, 7, 15, 9], "texture": "#side", "cullface": "north"}
			}
		},
		{
			"name": "Front side right",
			"from": [1, 1, 0.5],
			"to": [3, 7, 1],
			"faces": {
				"north": {"uv": [13, 9, 15, 15], "texture": "#side", "cullface": "north"},
				"up": {"uv": [13, 9, 15, 10], "rotation": 180, "texture": "#side", "cullface": "north"}
			}
		},
		{
			"name": "East top left",
			"from": [15, 12, 13],
			"to": [16, 13, 15],
			"faces": {
				"east": {"uv": [1, 3, 3, 4], "texture": "#side", "cullface": "east"},
				"up": {"uv": [1, 3, 3, 4], "rotation": 270, "texture": "#side", "cullface": "east"},
				"down": {"uv": [1, 3, 3, 4], "rotation": 90, "texture": "#side", "cullface": "east"}
			}
		},
		{
			"name": "East top left",
			"from": [15, 12, 12],
			"to": [16, 15, 13],
			"faces": {
				"north": {"uv": [3, 1, 4, 4], "texture": "#side", "cullface": "east"},
				"east": {"uv": [3, 1, 4, 4], "texture": "#side", "cullface": "east"},
				"south": {"uv": [3, 1, 4, 4], "texture": "#side", "cullface": "east"},
				"down": {"uv": [3, 3, 4, 4], "texture": "#side", "cullface": "east"}
			}
		},
		{
			"name": "East top right",
			"from": [15, 12, 3],
			"to": [16, 15, 4],
			"faces": {
				"north": {"uv": [12, 1, 13, 4], "texture": "#side", "cullface": "east"},
				"east": {"uv": [12, 1, 13, 4], "texture": "#side", "cullface": "east"},
				"south": {"uv": [12, 1, 13, 4], "texture": "#side", "cullface": "east"},
				"down": {"uv": [12, 3, 13, 4], "texture": "#side", "cullface": "east"}
			}
		},
		{
			"name": "East top right",
			"from": [15, 12, 1],
			"to": [16, 13, 3],
			"faces": {
				"east": {"uv": [13, 3, 15, 4], "texture": "#side", "cullface": "east"},
				"up": {"uv": [13, 3, 15, 4], "rotation": 270, "texture": "#side", "cullface": "east"},
				"down": {"uv": [13, 3, 15, 4], "rotation": 90, "texture": "#side", "cullface": "east"}
			}
		},
		{
			"name": "East side",
			"from": [15, 1, 1],
			"to": [15.5, 7, 15],
			"faces": {
				"east": {"uv": [1, 9, 15, 15], "texture": "#side", "cullface": "east"},
				"up": {"uv": [1, 9, 15, 10], "rotation": 270, "texture": "#side", "cullface": "east"}
			}
		},
		{
			"name": "South top left",
			"from": [1, 12, 15],
			"to": [3, 13, 16],
			"faces": {
				"south": {"uv": [1, 3, 3, 4], "texture": "#side", "cullface": "south"},
				"up": {"uv": [1, 3, 3, 4], "texture": "#side", "cullface": "south"},
				"down": {"uv": [1, 3, 3, 4], "texture": "#side", "cullface": "south"}
			}
		},
		{
			"name": "South top left",
			"from": [2.99, 12, 15],
			"to": [4, 15, 16],
			"faces": {
				"east": {"uv": [3, 1, 4, 4], "texture": "#side", "cullface": "south"},
				"south": {"uv": [3, 1, 4, 4], "texture": "#side", "cullface": "south"},
				"west": {"uv": [3, 1, 4, 4], "texture": "#side", "cullface": "south"},
				"down": {"uv": [3, 3, 4, 4], "texture": "#side", "cullface": "south"}
			}
		},
		{
			"name": "South top right",
			"from": [12, 12, 15],
			"to": [13.01, 15, 16],
			"faces": {
				"east": {"uv": [12, 1, 13, 4], "texture": "#side", "cullface": "south"},
				"south": {"uv": [12, 1, 13, 4], "texture": "#side", "cullface": "south"},
				"west": {"uv": [12, 1, 13, 4], "texture": "#side", "cullface": "south"},
				"down": {"uv": [12, 3, 13, 4], "texture": "#side", "cullface": "south"}
			}
		},
		{
			"name": "South top right",
			"from": [13, 12, 15],
			"to": [15, 13, 16],
			"faces": {
				"south": {"uv": [13, 3, 15, 4], "texture": "#side", "cullface": "south"},
				"up": {"uv": [13, 3, 15, 4], "texture": "#side", "cullface": "south"},
				"down": {"uv": [13, 3, 15, 4], "texture": "#side", "cullface": "south"}
			}
		},
		{
			"name": "South side",
			"from": [1, 1, 15],
			"to": [15, 7, 15.5],
			"faces": {
				"south": {"uv": [1, 9, 15, 15], "texture": "#side", "cullface": "south"},
				"up": {"uv": [1, 9, 15, 10], "rotation": 90, "texture": "#side", "cullface": "south"}
			}
		},
		{
			"name": "West top left",
			"from": [0, 12, 1],
			"to": [1, 13, 3],
			"faces": {
				"west": {"uv": [1, 3, 3, 4], "texture": "#side", "cullface": "west"},
				"up": {"uv": [1, 3, 3, 4], "rotation": 90, "texture": "#side", "cullface": "west"},
				"down": {"uv": [1, 3, 3, 4], "rotation": 270, "texture": "#side", "cullface": "west"}
			}
		},
		{
			"name": "West top left",
			"from": [0, 12, 3],
			"to": [1, 15, 4],
			"faces": {
				"north": {"uv": [3, 1, 4, 4], "texture": "#side", "cullface": "west"},
				"south": {"uv": [3, 1, 4, 4], "texture": "#side", "cullface": "west"},
				"west": {"uv": [3, 1, 4, 4], "texture": "#side", "cullface": "west"},
				"down": {"uv": [3, 3, 4, 4], "texture": "#side", "cullface": "west"}
			}
		},
		{
			"name": "West top right",
			"from": [0, 12, 12],
			"to": [1, 15, 13],
			"faces": {
				"north": {"uv": [12, 1, 13, 4], "texture": "#side", "cullface": "west"},
				"south": {"uv": [12, 1, 13, 4], "texture": "#side", "cullface": "west"},
				"west": {"uv": [12, 1, 13, 4], "texture": "#side", "cullface": "west"},
				"down": {"uv": [12, 3, 13, 4], "texture": "#side", "cullface": "west"}
			}
		},
		{
			"name": "West top right",
			"from": [0, 12, 13],
			"to": [1, 13, 15],
			"faces": {
				"west": {"uv": [13, 3, 15, 4], "texture": "#side", "cullface": "west"},
				"up": {"uv": [13, 3, 15, 4], "rotation": 90, "texture": "#side", "cullface": "west"},
				"down": {"uv": [13, 3, 15, 4], "rotation": 270, "texture": "#side", "cullface": "west"}
			}
		},
		{
			"name": "West side",
			"from": [0.5, 1, 1],
			"to": [1, 7, 15],
			"faces": {
				"west": {"uv": [1, 9, 15, 15], "texture": "#side", "cullface": "west"},
				"up": {"uv": [1, 9, 15, 10], "rotation": 90, "texture": "#side", "cullface": "west"}
			}
		},
		{
			"from": [8, 3, 8],
			"to": [9, 4, 9],
			"faces": {
				"north": {"uv": [0, 0, 1, 1], "texture": "#5"},
				"east": {"uv": [0, 0, 1, 1], "texture": "#5"},
				"south": {"uv": [0, 0, 1, 1], "texture": "#5"},
				"west": {"uv": [0, 0, 1, 1], "texture": "#5"},
				"up": {"uv": [0, 0, 1, 1], "texture": "#5"},
				"down": {"uv": [0, 0, 1, 1], "texture": "#5"}
			}
		},
		{
			"from": [6, 3, 8],
			"to": [7, 4, 9],
			"faces": {
				"north": {"uv": [13, 12, 14, 13], "texture": "#5"},
				"east": {"uv": [13, 12, 14, 13], "texture": "#5"},
				"south": {"uv": [13, 12, 14, 13], "texture": "#5"},
				"west": {"uv": [13, 12, 14, 13], "texture": "#5"},
				"up": {"uv": [13, 12, 14, 13], "texture": "#5"},
				"down": {"uv": [13, 12, 14, 13], "texture": "#5"}
			}
		},
		{
			"from": [10, 3, 4],
			"to": [11, 4, 5],
			"faces": {
				"north": {"uv": [1, 2, 2, 3], "texture": "#5"},
				"east": {"uv": [1, 2, 2, 3], "texture": "#5"},
				"south": {"uv": [1, 2, 2, 3], "texture": "#5"},
				"west": {"uv": [1, 2, 2, 3], "texture": "#5"},
				"up": {"uv": [1, 2, 2, 3], "texture": "#5"},
				"down": {"uv": [1, 2, 2, 3], "texture": "#5"}
			}
		},
		{
			"from": [7, 3, 5],
			"to": [8, 4, 6],
			"faces": {
				"north": {"uv": [0, 10, 1, 11], "texture": "#5"},
				"east": {"uv": [0, 10, 1, 11], "texture": "#5"},
				"south": {"uv": [0, 10, 1, 11], "texture": "#5"},
				"west": {"uv": [0, 10, 1, 11], "texture": "#5"},
				"up": {"uv": [0, 10, 1, 11], "texture": "#5"},
				"down": {"uv": [0, 10, 1, 11], "texture": "#5"}
			}
		},
		{
			"from": [8, 3, 3],
			"to": [9, 4, 4],
			"faces": {
				"north": {"uv": [2, 2, 3, 3], "texture": "#5"},
				"east": {"uv": [2, 2, 3, 3], "texture": "#5"},
				"south": {"uv": [2, 2, 3, 3], "texture": "#5"},
				"west": {"uv": [2, 2, 3, 3], "texture": "#5"},
				"up": {"uv": [2, 2, 3, 3], "texture": "#5"},
				"down": {"uv": [2, 2, 3, 3], "texture": "#5"}
			}
		},
		{
			"from": [5, 3, 3],
			"to": [7, 5, 5],
			"faces": {
				"north": {"uv": [5, 7, 7, 9], "texture": "#5"},
				"east": {"uv": [5, 7, 7, 9], "texture": "#5"},
				"south": {"uv": [5, 7, 7, 9], "texture": "#5"},
				"west": {"uv": [5, 7, 7, 9], "texture": "#5"},
				"up": {"uv": [5, 7, 7, 9], "texture": "#5"},
				"down": {"uv": [5, 7, 7, 9], "texture": "#5"}
			}
		},
		{
			"from": [9, 3, 5],
			"to": [11, 5, 7],
			"faces": {
				"north": {"uv": [10, 7, 12, 9], "texture": "#5"},
				"east": {"uv": [10, 7, 12, 9], "texture": "#5"},
				"south": {"uv": [10, 7, 12, 9], "texture": "#5"},
				"west": {"uv": [10, 7, 12, 9], "texture": "#5"},
				"up": {"uv": [10, 7, 12, 9], "texture": "#5"},
				"down": {"uv": [10, 7, 12, 9], "texture": "#5"}
			}
		}
	],
	"display": {
		"thirdperson_righthand": {
			"rotation": [70, 37, 0],
			"translation": [0, 1.75, -1.75],
			"scale": [0.38, 0.38, 0.38]
		},
		"thirdperson_lefthand": {
			"rotation": [70, 37, 0],
			"translation": [0, 1.75, -1.75],
			"scale": [0.38, 0.38, 0.38]
		},
		"firstperson_righthand": {
			"rotation": [0, 109, 0],
			"translation": [1.5, 0.75, 0.5],
			"scale": [0.42, 0.42, 0.42]
		},
		"firstperson_lefthand": {
			"rotation": [0, 109, 0],
			"translation": [1.5, 0.75, 0.5],
			"scale": [0.42, 0.42, 0.42]
		},
		"ground": {
			"translation": [0, 2, 0],
			"scale": [0.35, 0.35, 0.35]
		},
		"gui": {
			"rotation": [32, -147, 0],
			"translation": [0.25, 0, 0],
			"scale": [0.63, 0.63, 0.63]
		}
	},
	"groups": [
		0,
		1,
		2,
		3,
		4,
		5,
		6,
		7,
		8,
		9,
		10,
		11,
		12,
		13,
		14,
		15,
		16,
		17,
		18,
		19,
		20,
		21,
		22,
		23,
		24,
		25,
		26,
		27,
		28,
		29,
		30,
		31,
		32,
		33,
		34,
		35,
		36,
		37,
		38,
		39,
		40,
		41,
		42,
		43,
		44,
		45,
		46,
		{
			"name": "coal",
			"origin": [8, 8, 8],
			"color": 0,
			"children": [47, 48, 49, 50, 51, 52, 53]
		}
	]
}