{
	"credit": "Made with Blockbench",
	"parent": "block/cube_column",
	"textures": {
		"end": "block/oak_planks",
		"side": "block/bookshelf2"
	},
	"elements": [
		{
			"from": [0, 15, 0],
			"to": [16, 16, 16],
			"faces": {
				"north": {"uv": [0, 0, 16, 1], "texture": "#side"},
				"east": {"uv": [0, 0, 16, 1], "texture": "#side"},
				"south": {"uv": [0, 0, 16, 1], "texture": "#side"},
				"west": {"uv": [0, 0, 16, 1], "texture": "#side"},
				"up": {"uv": [0, 0, 16, 16], "texture": "#end"},
				"down": {"uv": [0, 0, 16, 16], "texture": "#end"}
			}
		},
		{
			"from": [0, 0, 0],
			"to": [16, 1, 16],
			"faces": {
				"north": {"uv": [0, 15, 16, 16], "texture": "#side"},
				"east": {"uv": [0, 15, 16, 16], "texture": "#side"},
				"south": {"uv": [0, 15, 16, 16], "texture": "#side"},
				"west": {"uv": [0, 15, 16, 16], "texture": "#side"},
				"up": {"uv": [0, 0, 16, 16], "texture": "#end"},
				"down": {"uv": [0, 0, 16, 16], "texture": "#end"}
			}
		},
		{
			"from": [0, 7, 0],
			"to": [16, 9, 16],
			"faces": {
				"north": {"uv": [0, 7, 16, 9], "texture": "#side"},
				"east": {"uv": [0, 7, 16, 9], "texture": "#side"},
				"south": {"uv": [0, 7, 16, 9], "texture": "#side"},
				"west": {"uv": [0, 7, 16, 9], "texture": "#side"},
				"up": {"uv": [0, 0, 16, 16], "texture": "#end"},
				"down": {"uv": [0, 0, 16, 16], "texture": "#end"}
			}
		},
		{
			"from": [15, 9, 15],
			"to": [16, 15, 16],
			"faces": {
				"north": {"uv": [15, 1, 16, 7], "texture": "#side"},
				"east": {"uv": [15, 1, 16, 7], "texture": "#side"},
				"south": {"uv": [15, 1, 16, 7], "texture": "#side"},
				"west": {"uv": [15, 1, 16, 7], "texture": "#side"},
				"up": {"uv": [15, 1, 16, 7], "texture": "#side"},
				"down": {"uv": [15, 1, 16, 7], "texture": "#side"}
			}
		},
		{
			"from": [15, 9, 0],
			"to": [16, 15, 1],
			"faces": {
				"north": {"uv": [0, 1, 1, 7], "texture": "#side"},
				"east": {"uv": [0, 1, 1, 7], "texture": "#side"},
				"south": {"uv": [0, 1, 1, 7], "texture": "#side"},
				"west": {"uv": [0, 1, 1, 7], "texture": "#side"},
				"up": {"uv": [0, 1, 1, 7], "texture": "#side"},
				"down": {"uv": [0, 1, 1, 7], "texture": "#side"}
			}
		},
		{
			"from": [0, 9, 0],
			"to": [1, 15, 1],
			"faces": {
				"north": {"uv": [0, 1, 1, 7], "texture": "#side"},
				"east": {"uv": [0, 1, 1, 7], "texture": "#side"},
				"south": {"uv": [0, 1, 1, 7], "texture": "#side"},
				"west": {"uv": [0, 1, 1, 7], "texture": "#side"},
				"up": {"uv": [0, 1, 1, 7], "texture": "#side"},
				"down": {"uv": [0, 1, 1, 7], "texture": "#side"}
			}
		},
		{
			"from": [0, 9, 15],
			"to": [1, 15, 16],
			"faces": {
				"north": {"uv": [15, 1, 16, 7], "texture": "#side"},
				"east": {"uv": [15, 1, 16, 7], "texture": "#side"},
				"south": {"uv": [15, 1, 16, 7], "texture": "#side"},
				"west": {"uv": [15, 1, 16, 7], "texture": "#side"},
				"up": {"uv": [15, 1, 16, 7], "texture": "#side"},
				"down": {"uv": [15, 1, 16, 7], "texture": "#side"}
			}
		},
		{
			"from": [0, 1, 15],
			"to": [1, 7, 16],
			"faces": {
				"north": {"uv": [0, 1, 1, 7], "texture": "#side"},
				"east": {"uv": [0, 1, 1, 7], "texture": "#side"},
				"south": {"uv": [0, 1, 1, 7], "texture": "#side"},
				"west": {"uv": [0, 1, 1, 7], "texture": "#side"},
				"up": {"uv": [0, 1, 1, 7], "texture": "#side"},
				"down": {"uv": [0, 1, 1, 7], "texture": "#side"}
			}
		},
		{
			"from": [15, 1, 15],
			"to": [16, 7, 16],
			"faces": {
				"north": {"uv": [15, 1, 16, 7], "texture": "#side"},
				"east": {"uv": [15, 1, 16, 7], "texture": "#side"},
				"south": {"uv": [15, 1, 16, 7], "texture": "#side"},
				"west": {"uv": [15, 1, 16, 7], "texture": "#side"},
				"up": {"uv": [15, 1, 16, 7], "texture": "#side"},
				"down": {"uv": [15, 1, 16, 7], "texture": "#side"}
			}
		},
		{
			"from": [15, 1, 0],
			"to": [16, 7, 1],
			"faces": {
				"north": {"uv": [0, 1, 1, 7], "texture": "#side"},
				"east": {"uv": [0, 1, 1, 7], "texture": "#side"},
				"south": {"uv": [0, 1, 1, 7], "texture": "#side"},
				"west": {"uv": [0, 1, 1, 7], "texture": "#side"},
				"up": {"uv": [0, 1, 1, 7], "texture": "#side"},
				"down": {"uv": [0, 1, 1, 7], "texture": "#side"}
			}
		},
		{
			"from": [0, 1, 0],
			"to": [1, 7, 1],
			"faces": {
				"north": {"uv": [15, 1, 16, 7], "texture": "#side"},
				"east": {"uv": [15, 1, 16, 7], "texture": "#side"},
				"south": {"uv": [15, 1, 16, 7], "texture": "#side"},
				"west": {"uv": [15, 1, 16, 7], "texture": "#side"},
				"up": {"uv": [15, 1, 16, 7], "texture": "#side"},
				"down": {"uv": [15, 1, 16, 7], "texture": "#side"}
			}
		},
		{
			"name": "biggang",
			"from": [1, 1, 1],
			"to": [15, 15, 15],
			"faces": {
				"north": {"uv": [1, 1, 15, 15], "texture": "#side"},
				"east": {"uv": [1, 1, 15, 15], "texture": "#side"},
				"south": {"uv": [1, 1, 15, 15], "texture": "#side"},
				"west": {"uv": [1, 1, 15, 15], "texture": "#side"},
				"up": {"uv": [0, 0, 14, 14], "texture": "#missing"},
				"down": {"uv": [0, 0, 14, 14], "texture": "#missing"}
			}
		},
		{
			"from": [0.4, 9, 1],
			"to": [1, 13, 2],
			"faces": {
				"north": {"uv": [0, 0, 0.6, 4], "texture": "#missing"},
				"east": {"uv": [0, 0, 1, 4], "texture": "#missing"},
				"south": {"uv": [1, 3, 1.6, 7], "texture": "#side"},
				"west": {"uv": [1, 3, 2, 7], "texture": "#side"},
				"up": {"uv": [1, 3, 2, 3.6], "rotation": 270, "texture": "#side"},
				"down": {"uv": [0, 0, 1, 0.6], "rotation": 90, "texture": "#missing"}
			}
		},
		{
			"from": [0.2, 9, 2],
			"to": [1, 15, 4],
			"faces": {
				"north": {"uv": [2, 1, 2.8, 7], "texture": "#side"},
				"east": {"uv": [0, 0, 2, 6], "texture": "#missing"},
				"south": {"uv": [3, 1, 3.8, 7], "texture": "#side"},
				"west": {"uv": [2, 1, 4, 7], "texture": "#side"},
				"up": {"uv": [0, 0, 2, 0.8], "rotation": 270, "texture": "#side"},
				"down": {"uv": [0, 0, 2, 0.8], "rotation": 90, "texture": "#missing"}
			}
		},
		{
			"from": [0.2, 1, 1],
			"to": [1, 7, 3],
			"faces": {
				"north": {"uv": [2, 1, 2.8, 7], "texture": "#side"},
				"east": {"uv": [0, 0, 2, 6], "texture": "#missing"},
				"south": {"uv": [2, 9, 2.8, 15], "texture": "#side"},
				"west": {"uv": [1, 9, 3, 15], "texture": "#side"},
				"up": {"uv": [0, 0, 2, 0.8], "rotation": 270, "texture": "#side"},
				"down": {"uv": [0, 0, 2, 0.8], "rotation": 90, "texture": "#missing"}
			}
		},
		{
			"from": [0.3, 1, 8],
			"to": [1, 7, 10],
			"faces": {
				"north": {"uv": [8, 9, 8.8, 15], "texture": "#side"},
				"east": {"uv": [0, 0, 2, 6], "texture": "#missing"},
				"south": {"uv": [9, 9, 9.8, 15], "texture": "#side"},
				"west": {"uv": [8, 9, 10, 15], "texture": "#side"},
				"up": {"uv": [0, 0, 2, 0.8], "rotation": 270, "texture": "#side"},
				"down": {"uv": [0, 0, 2, 0.8], "rotation": 90, "texture": "#missing"}
			}
		},
		{
			"from": [0.4, 9, 5],
			"to": [1, 14, 7],
			"faces": {
				"north": {"uv": [5, 2, 5.3, 7], "texture": "#side"},
				"east": {"uv": [0, 0, 2, 5], "texture": "#missing"},
				"south": {"uv": [6, 2, 6.3, 7], "texture": "#side"},
				"west": {"uv": [5, 2, 7, 7], "texture": "#side"},
				"up": {"uv": [13, 14, 15, 14.3], "rotation": 270, "texture": "#side"},
				"down": {"uv": [0, 0, 2, 0.3], "rotation": 90, "texture": "#missing"}
			}
		},
		{
			"from": [0.4, 1, 13],
			"to": [1, 5, 15],
			"faces": {
				"north": {"uv": [5, 2, 5.3, 7], "texture": "#side"},
				"east": {"uv": [0, 0, 2, 5], "texture": "#missing"},
				"south": {"uv": [6, 2, 6.3, 7], "texture": "#side"},
				"west": {"uv": [13, 11, 15, 15], "texture": "#side"},
				"up": {"uv": [13, 14, 15, 14.3], "rotation": 270, "texture": "#side"},
				"down": {"uv": [0, 0, 2, 0.3], "rotation": 90, "texture": "#missing"}
			}
		},
		{
			"from": [0.4, 1, 3],
			"to": [1, 6, 5],
			"faces": {
				"north": {"uv": [5, 2, 5.3, 7], "texture": "#side"},
				"east": {"uv": [0, 0, 2, 5], "texture": "#missing"},
				"south": {"uv": [4, 10, 4.3, 15], "texture": "#side"},
				"west": {"uv": [3, 10, 5, 15], "texture": "#side"},
				"up": {"uv": [3, 10, 5, 10.3], "rotation": 270, "texture": "#side"},
				"down": {"uv": [0, 0, 2, 0.3], "rotation": 90, "texture": "#missing"}
			}
		},
		{
			"from": [0.4, 9, 10],
			"to": [1, 14, 12],
			"faces": {
				"north": {"uv": [10, 2, 10.3, 7], "texture": "#side"},
				"east": {"uv": [0, 0, 2, 5], "texture": "#missing"},
				"south": {"uv": [11, 2, 11.3, 7], "texture": "#side"},
				"west": {"uv": [10, 2, 12, 7], "texture": "#side"},
				"up": {"uv": [10, 2, 12, 2.3], "rotation": 270, "texture": "#side"},
				"down": {"uv": [0, 0, 2, 0.3], "rotation": 90, "texture": "#missing"}
			}
		},
		{
			"from": [0.7, 1, 10],
			"to": [1, 6, 12],
			"faces": {
				"north": {"uv": [10, 2, 10.3, 7], "texture": "#side"},
				"east": {"uv": [0, 0, 2, 5], "texture": "#missing"},
				"south": {"uv": [11, 10, 11.3, 15], "texture": "#side"},
				"west": {"uv": [10, 10, 12, 15], "texture": "#side"},
				"up": {"uv": [10, 10, 12, 10.3], "rotation": 270, "texture": "#side"},
				"down": {"uv": [0, 0, 2, 0.3], "rotation": 90, "texture": "#missing"}
			}
		},
		{
			"from": [0.2, 9, 8],
			"to": [1, 11, 9],
			"faces": {
				"north": {"uv": [8, 5, 9, 7], "texture": "#side"},
				"east": {"uv": [0, 0, 1, 2], "texture": "#missing"},
				"south": {"uv": [8, 5, 9, 7], "texture": "#side"},
				"west": {"uv": [8, 5, 9, 7], "texture": "#side"},
				"up": {"uv": [7, 3, 8, 4], "rotation": 270, "texture": "#side"},
				"down": {"uv": [7, 4, 8, 5], "rotation": 90, "texture": "#side"}
			}
		},
		{
			"from": [0.2, 10, 7],
			"to": [1, 13, 8],
			"faces": {
				"north": {"uv": [7, 3, 8, 6], "texture": "#side"},
				"east": {"uv": [0, 0, 1, 2], "texture": "#missing"},
				"south": {"uv": [7, 3, 8, 6], "texture": "#side"},
				"west": {"uv": [7, 3, 8, 6], "texture": "#side"},
				"up": {"uv": [7, 3, 8, 4.3], "rotation": 270, "texture": "#side"},
				"down": {"uv": [7, 4, 8, 5], "rotation": 90, "texture": "#side"}
			}
		},
		{
			"from": [0.2, 1, 7],
			"to": [1, 4, 8],
			"faces": {
				"north": {"uv": [7, 12, 8, 15], "texture": "#side"},
				"east": {"uv": [0, 0, 1, 2], "texture": "#missing"},
				"south": {"uv": [7, 12, 8, 15], "texture": "#side"},
				"west": {"uv": [7, 12, 8, 15], "texture": "#side"},
				"up": {"uv": [7, 12, 8, 13], "rotation": 270, "texture": "#side"},
				"down": {"uv": [7, 4, 8, 5], "rotation": 90, "texture": "#side"}
			}
		},
		{
			"from": [0.2, 3, 5],
			"to": [1, 6, 6],
			"faces": {
				"north": {"uv": [7, 12, 8, 15], "texture": "#side"},
				"east": {"uv": [0, 0, 1, 2], "texture": "#missing"},
				"south": {"uv": [5, 10, 6, 13], "texture": "#side"},
				"west": {"uv": [5, 10, 6, 13], "texture": "#side"},
				"up": {"uv": [5, 10, 6, 11], "rotation": 270, "texture": "#side"},
				"down": {"uv": [5, 12, 6, 13], "rotation": 90, "texture": "#side"}
			}
		},
		{
			"from": [0.2, 1, 6],
			"to": [1, 5, 7],
			"faces": {
				"north": {"uv": [6, 11, 7, 15], "texture": "#side"},
				"east": {"uv": [0, 0, 1, 2], "texture": "#missing"},
				"south": {"uv": [6, 11, 7, 14], "texture": "#side"},
				"west": {"uv": [6, 11, 7, 15], "texture": "#side"},
				"up": {"uv": [6, 11, 7, 12], "rotation": 270, "texture": "#side"},
				"down": {"uv": [7, 4, 8, 5], "rotation": 90, "texture": "#side"}
			}
		},
		{
			"from": [0, 9, 9],
			"to": [1, 12, 10],
			"faces": {
				"north": {"uv": [9, 4, 10, 7], "texture": "#side"},
				"east": {"uv": [9, 4, 10, 7], "texture": "#side"},
				"south": {"uv": [9, 4, 10, 7], "texture": "#side"},
				"west": {"uv": [9, 4, 10, 7], "texture": "#side"},
				"up": {"uv": [9, 4, 10, 6], "rotation": 270, "texture": "#side"},
				"down": {"uv": [9, 4, 10, 7], "rotation": 90, "texture": "#side"}
			}
		},
		{
			"from": [0.3, 1, 12],
			"to": [1, 5, 13],
			"faces": {
				"north": {"uv": [12, 11, 13, 15], "texture": "#side"},
				"east": {"uv": [9, 4, 10, 7], "texture": "#side"},
				"south": {"uv": [12, 11, 13, 15], "texture": "#side"},
				"west": {"uv": [12, 11, 13, 15], "texture": "#side"},
				"up": {"uv": [12, 11, 13, 13], "rotation": 270, "texture": "#side"},
				"down": {"uv": [9, 4, 10, 7], "rotation": 90, "texture": "#side"}
			}
		},
		{
			"from": [0.5, 9, 13],
			"to": [1, 13, 15],
			"faces": {
				"north": {"uv": [13, 3, 14, 7], "texture": "#side"},
				"east": {"uv": [0, 0, 2, 4], "texture": "#missing"},
				"south": {"uv": [0, 0, 1, 4], "texture": "#missing"},
				"west": {"uv": [13, 3, 15, 7], "texture": "#side"},
				"up": {"uv": [12, 5, 14, 6], "rotation": 270, "texture": "#side"},
				"down": {"uv": [0, 0, 2, 1], "rotation": 90, "texture": "#missing"}
			}
		},
		{
			"from": [0.5, 10, 12],
			"to": [1, 13, 13],
			"faces": {
				"north": {"uv": [12, 3, 13, 6], "texture": "#side"},
				"east": {"uv": [0, 0, 1, 4], "texture": "#missing"},
				"south": {"uv": [12, 3, 13, 6], "texture": "#side"},
				"west": {"uv": [12, 3, 13, 6], "texture": "#side"},
				"up": {"uv": [12, 3, 13, 3.7], "rotation": 270, "texture": "#side"},
				"down": {"uv": [0, 0, 1, 0.7], "rotation": 90, "texture": "#missing"}
			}
		},
		{
			"from": [1, 9, 15],
			"to": [2, 13, 15.6],
			"faces": {
				"north": {"uv": [0, 0, 1, 4], "texture": "#missing"},
				"east": {"uv": [1, 3, 1.6, 7], "texture": "#side"},
				"south": {"uv": [1, 3, 2, 7], "texture": "#side"},
				"west": {"uv": [0, 0, 0.6, 4], "texture": "#missing"},
				"up": {"uv": [1, 3, 2, 3.6], "rotation": 180, "texture": "#side"},
				"down": {"uv": [0, 0, 1, 0.6], "rotation": 180, "texture": "#missing"}
			}
		},
		{
			"from": [2, 9, 15],
			"to": [4, 15, 15.8],
			"faces": {
				"north": {"uv": [0, 0, 2, 6], "texture": "#missing"},
				"east": {"uv": [3, 1, 3.8, 7], "texture": "#side"},
				"south": {"uv": [2, 1, 4, 7], "texture": "#side"},
				"west": {"uv": [2, 1, 2.8, 7], "texture": "#side"},
				"up": {"uv": [0, 0, 2, 0.8], "rotation": 180, "texture": "#side"},
				"down": {"uv": [0, 0, 2, 0.8], "rotation": 180, "texture": "#missing"}
			}
		},
		{
			"from": [1, 1, 15],
			"to": [3, 7, 15.8],
			"faces": {
				"north": {"uv": [0, 0, 2, 6], "texture": "#missing"},
				"east": {"uv": [2, 9, 2.8, 15], "texture": "#side"},
				"south": {"uv": [1, 9, 3, 15], "texture": "#side"},
				"west": {"uv": [2, 1, 2.8, 7], "texture": "#side"},
				"up": {"uv": [0, 0, 2, 0.8], "rotation": 180, "texture": "#side"},
				"down": {"uv": [0, 0, 2, 0.8], "rotation": 180, "texture": "#missing"}
			}
		},
		{
			"from": [8, 1, 15],
			"to": [10, 7, 15.7],
			"faces": {
				"north": {"uv": [0, 0, 2, 6], "texture": "#missing"},
				"east": {"uv": [9, 9, 9.8, 15], "texture": "#side"},
				"south": {"uv": [8, 9, 10, 15], "texture": "#side"},
				"west": {"uv": [8, 9, 8.8, 15], "texture": "#side"},
				"up": {"uv": [0, 0, 2, 0.8], "rotation": 180, "texture": "#side"},
				"down": {"uv": [0, 0, 2, 0.8], "rotation": 180, "texture": "#missing"}
			}
		},
		{
			"from": [5, 9, 15],
			"to": [7, 14, 15.6],
			"faces": {
				"north": {"uv": [0, 0, 2, 5], "texture": "#missing"},
				"east": {"uv": [6, 2, 6.3, 7], "texture": "#side"},
				"south": {"uv": [5, 2, 7, 7], "texture": "#side"},
				"west": {"uv": [5, 2, 5.3, 7], "texture": "#side"},
				"up": {"uv": [13, 14, 15, 14.3], "rotation": 180, "texture": "#side"},
				"down": {"uv": [0, 0, 2, 0.3], "rotation": 180, "texture": "#missing"}
			}
		},
		{
			"from": [13, 1, 15],
			"to": [15, 5, 15.6],
			"faces": {
				"north": {"uv": [0, 0, 2, 5], "texture": "#missing"},
				"east": {"uv": [6, 2, 6.3, 7], "texture": "#side"},
				"south": {"uv": [13, 11, 15, 15], "texture": "#side"},
				"west": {"uv": [5, 2, 5.3, 7], "texture": "#side"},
				"up": {"uv": [13, 13, 15, 13.3], "rotation": 180, "texture": "#side"},
				"down": {"uv": [0, 0, 2, 0.3], "rotation": 180, "texture": "#missing"}
			}
		},
		{
			"from": [3, 1, 15],
			"to": [5, 6, 15.6],
			"faces": {
				"north": {"uv": [0, 0, 2, 5], "texture": "#missing"},
				"east": {"uv": [4, 10, 4.3, 15], "texture": "#side"},
				"south": {"uv": [3, 10, 5, 15], "texture": "#side"},
				"west": {"uv": [5, 2, 5.3, 7], "texture": "#side"},
				"up": {"uv": [3, 10, 5, 10.3], "rotation": 180, "texture": "#side"},
				"down": {"uv": [0, 0, 2, 0.3], "rotation": 180, "texture": "#missing"}
			}
		},
		{
			"from": [10, 9, 15],
			"to": [12, 14, 15.6],
			"faces": {
				"north": {"uv": [0, 0, 2, 5], "texture": "#missing"},
				"east": {"uv": [11, 2, 11.3, 7], "texture": "#side"},
				"south": {"uv": [10, 2, 12, 7], "texture": "#side"},
				"west": {"uv": [10, 2, 10.3, 7], "texture": "#side"},
				"up": {"uv": [10, 2, 12, 2.3], "rotation": 180, "texture": "#side"},
				"down": {"uv": [0, 0, 2, 0.3], "rotation": 180, "texture": "#missing"}
			}
		},
		{
			"from": [10, 1, 15],
			"to": [12, 6, 15.3],
			"faces": {
				"north": {"uv": [0, 0, 2, 5], "texture": "#missing"},
				"east": {"uv": [11, 10, 11.3, 15], "texture": "#side"},
				"south": {"uv": [10, 10, 12, 15], "texture": "#side"},
				"west": {"uv": [10, 2, 10.3, 7], "texture": "#side"},
				"up": {"uv": [10, 10, 12, 10.3], "rotation": 180, "texture": "#side"},
				"down": {"uv": [0, 0, 2, 0.3], "rotation": 180, "texture": "#missing"}
			}
		},
		{
			"from": [8, 9, 15],
			"to": [9, 11, 15.8],
			"faces": {
				"north": {"uv": [0, 0, 1, 2], "texture": "#missing"},
				"east": {"uv": [8, 5, 9, 7], "texture": "#side"},
				"south": {"uv": [8, 5, 9, 7], "texture": "#side"},
				"west": {"uv": [8, 5, 9, 7], "texture": "#side"},
				"up": {"uv": [7, 3, 8, 4], "rotation": 180, "texture": "#side"},
				"down": {"uv": [7, 4, 8, 5], "rotation": 180, "texture": "#side"}
			}
		},
		{
			"from": [7, 10, 15],
			"to": [8, 13, 15.8],
			"faces": {
				"north": {"uv": [0, 0, 1, 2], "texture": "#missing"},
				"east": {"uv": [7, 3, 8, 6], "texture": "#side"},
				"south": {"uv": [7, 3, 8, 6], "texture": "#side"},
				"west": {"uv": [7, 3, 8, 6], "texture": "#side"},
				"up": {"uv": [7, 3, 8, 4.3], "rotation": 180, "texture": "#side"},
				"down": {"uv": [7, 4, 8, 5], "rotation": 180, "texture": "#side"}
			}
		},
		{
			"from": [7, 1, 15],
			"to": [8, 4, 15.8],
			"faces": {
				"north": {"uv": [0, 0, 1, 2], "texture": "#missing"},
				"east": {"uv": [7, 12, 8, 15], "texture": "#side"},
				"south": {"uv": [7, 12, 8, 15], "texture": "#side"},
				"west": {"uv": [7, 12, 8, 15], "texture": "#side"},
				"up": {"uv": [7, 12, 8, 13], "rotation": 180, "texture": "#side"},
				"down": {"uv": [7, 4, 8, 5], "rotation": 180, "texture": "#side"}
			}
		},
		{
			"from": [5, 3, 15],
			"to": [6, 6, 15.8],
			"faces": {
				"north": {"uv": [0, 0, 1, 2], "texture": "#missing"},
				"east": {"uv": [5, 10, 6, 13], "texture": "#side"},
				"south": {"uv": [5, 10, 6, 13], "texture": "#side"},
				"west": {"uv": [7, 12, 8, 15], "texture": "#side"},
				"up": {"uv": [5, 10, 6, 11], "rotation": 180, "texture": "#side"},
				"down": {"uv": [5, 12, 6, 13], "rotation": 180, "texture": "#side"}
			}
		},
		{
			"from": [6, 1, 15],
			"to": [7, 5, 15.8],
			"faces": {
				"north": {"uv": [0, 0, 1, 2], "texture": "#missing"},
				"east": {"uv": [6, 11, 7, 14], "texture": "#side"},
				"south": {"uv": [6, 11, 7, 15], "texture": "#side"},
				"west": {"uv": [6, 11, 7, 15], "texture": "#side"},
				"up": {"uv": [6, 11, 7, 12], "rotation": 180, "texture": "#side"},
				"down": {"uv": [7, 4, 8, 5], "rotation": 180, "texture": "#side"}
			}
		},
		{
			"from": [9, 9, 15],
			"to": [10, 12, 16],
			"faces": {
				"north": {"uv": [9, 4, 10, 7], "texture": "#side"},
				"east": {"uv": [9, 4, 10, 7], "texture": "#side"},
				"south": {"uv": [9, 4, 10, 7], "texture": "#side"},
				"west": {"uv": [9, 4, 10, 7], "texture": "#side"},
				"up": {"uv": [9, 4, 10, 6], "rotation": 180, "texture": "#side"},
				"down": {"uv": [9, 4, 10, 7], "rotation": 180, "texture": "#side"}
			}
		},
		{
			"from": [12, 1, 15],
			"to": [13, 5, 15.7],
			"faces": {
				"north": {"uv": [9, 4, 10, 7], "texture": "#side"},
				"east": {"uv": [12, 11, 13, 15], "texture": "#side"},
				"south": {"uv": [12, 11, 13, 15], "texture": "#side"},
				"west": {"uv": [12, 11, 13, 15], "texture": "#side"},
				"up": {"uv": [12, 11, 13, 13], "rotation": 180, "texture": "#side"},
				"down": {"uv": [9, 4, 10, 7], "rotation": 180, "texture": "#side"}
			}
		},
		{
			"from": [13, 9, 15],
			"to": [15, 13, 15.5],
			"faces": {
				"north": {"uv": [0, 0, 2, 4], "texture": "#missing"},
				"east": {"uv": [0, 0, 1, 4], "texture": "#missing"},
				"south": {"uv": [13, 3, 15, 7], "texture": "#side"},
				"west": {"uv": [13, 3, 14, 7], "texture": "#side"},
				"up": {"uv": [12, 5, 14, 6], "rotation": 180, "texture": "#side"},
				"down": {"uv": [0, 0, 2, 1], "rotation": 180, "texture": "#missing"}
			}
		},
		{
			"from": [12, 10, 15],
			"to": [13, 13, 15.5],
			"faces": {
				"north": {"uv": [0, 0, 1, 4], "texture": "#missing"},
				"east": {"uv": [12, 3, 13, 6], "texture": "#side"},
				"south": {"uv": [12, 3, 13, 6], "texture": "#side"},
				"west": {"uv": [12, 3, 13, 6], "texture": "#side"},
				"up": {"uv": [12, 3, 13, 3.7], "rotation": 180, "texture": "#side"},
				"down": {"uv": [0, 0, 1, 0.7], "rotation": 180, "texture": "#missing"}
			}
		},
		{
			"from": [15, 9, 14],
			"to": [15.6, 13, 15],
			"faces": {
				"north": {"uv": [1, 3, 1.6, 7], "texture": "#side"},
				"east": {"uv": [1, 3, 2, 7], "texture": "#side"},
				"south": {"uv": [0, 0, 0.6, 4], "texture": "#missing"},
				"west": {"uv": [0, 0, 1, 4], "texture": "#missing"},
				"up": {"uv": [1, 3, 2, 3.6], "rotation": 90, "texture": "#side"},
				"down": {"uv": [0, 0, 1, 0.6], "rotation": 270, "texture": "#missing"}
			}
		},
		{
			"from": [15, 9, 12],
			"to": [15.8, 15, 14],
			"faces": {
				"north": {"uv": [3, 1, 3.8, 7], "texture": "#side"},
				"east": {"uv": [2, 1, 4, 7], "texture": "#side"},
				"south": {"uv": [2, 1, 2.8, 7], "texture": "#side"},
				"west": {"uv": [0, 0, 2, 6], "texture": "#missing"},
				"up": {"uv": [0, 0, 2, 0.8], "rotation": 90, "texture": "#side"},
				"down": {"uv": [0, 0, 2, 0.8], "rotation": 270, "texture": "#missing"}
			}
		},
		{
			"from": [15, 1, 13],
			"to": [15.8, 7, 15],
			"faces": {
				"north": {"uv": [2, 9, 2.8, 15], "texture": "#side"},
				"east": {"uv": [1, 9, 3, 15], "texture": "#side"},
				"south": {"uv": [2, 1, 2.8, 7], "texture": "#side"},
				"west": {"uv": [0, 0, 2, 6], "texture": "#missing"},
				"up": {"uv": [0, 0, 2, 0.8], "rotation": 90, "texture": "#side"},
				"down": {"uv": [0, 0, 2, 0.8], "rotation": 270, "texture": "#missing"}
			}
		},
		{
			"from": [15, 1, 6],
			"to": [15.7, 7, 8],
			"faces": {
				"north": {"uv": [9, 9, 9.8, 15], "texture": "#side"},
				"east": {"uv": [8, 9, 10, 15], "texture": "#side"},
				"south": {"uv": [8, 9, 8.8, 15], "texture": "#side"},
				"west": {"uv": [0, 0, 2, 6], "texture": "#missing"},
				"up": {"uv": [0, 0, 2, 0.8], "rotation": 90, "texture": "#side"},
				"down": {"uv": [0, 0, 2, 0.8], "rotation": 270, "texture": "#missing"}
			}
		},
		{
			"from": [15, 9, 9],
			"to": [15.6, 14, 11],
			"faces": {
				"north": {"uv": [6, 2, 6.3, 7], "texture": "#side"},
				"east": {"uv": [5, 2, 7, 7], "texture": "#side"},
				"south": {"uv": [5, 2, 5.3, 7], "texture": "#side"},
				"west": {"uv": [0, 0, 2, 5], "texture": "#missing"},
				"up": {"uv": [13, 14, 15, 14.3], "rotation": 90, "texture": "#side"},
				"down": {"uv": [0, 0, 2, 0.3], "rotation": 270, "texture": "#missing"}
			}
		},
		{
			"from": [15, 1, 1],
			"to": [15.6, 5, 3],
			"faces": {
				"north": {"uv": [6, 2, 6.3, 7], "texture": "#side"},
				"east": {"uv": [13, 11, 15, 15], "texture": "#side"},
				"south": {"uv": [5, 2, 5.3, 7], "texture": "#side"},
				"west": {"uv": [0, 0, 2, 5], "texture": "#missing"},
				"up": {"uv": [13, 14, 15, 14.3], "rotation": 90, "texture": "#side"},
				"down": {"uv": [0, 0, 2, 0.3], "rotation": 270, "texture": "#missing"}
			}
		},
		{
			"from": [15, 1, 11],
			"to": [15.6, 6, 13],
			"faces": {
				"north": {"uv": [4, 10, 4.3, 15], "texture": "#side"},
				"east": {"uv": [3, 10, 5, 15], "texture": "#side"},
				"south": {"uv": [5, 2, 5.3, 7], "texture": "#side"},
				"west": {"uv": [0, 0, 2, 5], "texture": "#missing"},
				"up": {"uv": [3, 10, 5, 10.3], "rotation": 90, "texture": "#side"},
				"down": {"uv": [0, 0, 2, 0.3], "rotation": 270, "texture": "#missing"}
			}
		},
		{
			"from": [15, 9, 4],
			"to": [15.6, 14, 6],
			"faces": {
				"north": {"uv": [11, 2, 11.3, 7], "texture": "#side"},
				"east": {"uv": [10, 2, 12, 7], "texture": "#side"},
				"south": {"uv": [10, 2, 10.3, 7], "texture": "#side"},
				"west": {"uv": [0, 0, 2, 5], "texture": "#missing"},
				"up": {"uv": [10, 2, 12, 2.3], "rotation": 90, "texture": "#side"},
				"down": {"uv": [0, 0, 2, 0.3], "rotation": 270, "texture": "#missing"}
			}
		},
		{
			"from": [15, 1, 4],
			"to": [15.3, 6, 6],
			"faces": {
				"north": {"uv": [11, 10, 11.3, 15], "texture": "#side"},
				"east": {"uv": [10, 10, 12, 15], "texture": "#side"},
				"south": {"uv": [10, 2, 10.3, 7], "texture": "#side"},
				"west": {"uv": [0, 0, 2, 5], "texture": "#missing"},
				"up": {"uv": [10, 10, 12, 10.3], "rotation": 90, "texture": "#side"},
				"down": {"uv": [0, 0, 2, 0.3], "rotation": 270, "texture": "#missing"}
			}
		},
		{
			"from": [15, 9, 7],
			"to": [15.8, 11, 8],
			"faces": {
				"north": {"uv": [8, 5, 9, 7], "texture": "#side"},
				"east": {"uv": [8, 5, 9, 7], "texture": "#side"},
				"south": {"uv": [8, 5, 9, 7], "texture": "#side"},
				"west": {"uv": [0, 0, 1, 2], "texture": "#missing"},
				"up": {"uv": [7, 3, 8, 4], "rotation": 90, "texture": "#side"},
				"down": {"uv": [7, 4, 8, 5], "rotation": 270, "texture": "#side"}
			}
		},
		{
			"from": [15, 10, 8],
			"to": [15.8, 13, 9],
			"faces": {
				"north": {"uv": [7, 3, 8, 6], "texture": "#side"},
				"east": {"uv": [7, 3, 8, 6], "texture": "#side"},
				"south": {"uv": [7, 3, 8, 6], "texture": "#side"},
				"west": {"uv": [0, 0, 1, 2], "texture": "#missing"},
				"up": {"uv": [7, 3, 8, 4.3], "rotation": 90, "texture": "#side"},
				"down": {"uv": [7, 4, 8, 5], "rotation": 270, "texture": "#side"}
			}
		},
		{
			"from": [15, 1, 8],
			"to": [15.8, 4, 9],
			"faces": {
				"north": {"uv": [7, 12, 8, 15], "texture": "#side"},
				"east": {"uv": [7, 12, 8, 15], "texture": "#side"},
				"south": {"uv": [7, 12, 8, 15], "texture": "#side"},
				"west": {"uv": [0, 0, 1, 2], "texture": "#missing"},
				"up": {"uv": [7, 12, 8, 13], "rotation": 90, "texture": "#side"},
				"down": {"uv": [7, 4, 8, 5], "rotation": 270, "texture": "#side"}
			}
		},
		{
			"from": [15, 3, 10],
			"to": [15.8, 6, 11],
			"faces": {
				"north": {"uv": [5, 10, 6, 13], "texture": "#side"},
				"east": {"uv": [5, 10, 6, 13], "texture": "#side"},
				"south": {"uv": [7, 12, 8, 15], "texture": "#side"},
				"west": {"uv": [0, 0, 1, 2], "texture": "#missing"},
				"up": {"uv": [5, 10, 6, 11], "rotation": 90, "texture": "#side"},
				"down": {"uv": [5, 12, 6, 13], "rotation": 270, "texture": "#side"}
			}
		},
		{
			"from": [15, 1, 9],
			"to": [15.8, 5, 10],
			"faces": {
				"north": {"uv": [6, 11, 7, 14], "texture": "#side"},
				"east": {"uv": [6, 11, 7, 15], "texture": "#side"},
				"south": {"uv": [6, 11, 7, 15], "texture": "#side"},
				"west": {"uv": [0, 0, 1, 2], "texture": "#missing"},
				"up": {"uv": [6, 11, 7, 12], "rotation": 90, "texture": "#side"},
				"down": {"uv": [7, 4, 8, 5], "rotation": 270, "texture": "#side"}
			}
		},
		{
			"from": [15, 9, 6],
			"to": [16, 12, 7],
			"faces": {
				"north": {"uv": [9, 4, 10, 7], "texture": "#side"},
				"east": {"uv": [9, 4, 10, 7], "texture": "#side"},
				"south": {"uv": [9, 4, 10, 7], "texture": "#side"},
				"west": {"uv": [9, 4, 10, 7], "texture": "#side"},
				"up": {"uv": [9, 4, 10, 6], "rotation": 90, "texture": "#side"},
				"down": {"uv": [9, 4, 10, 7], "rotation": 270, "texture": "#side"}
			}
		},
		{
			"from": [15, 1, 3],
			"to": [15.7, 5, 4],
			"faces": {
				"north": {"uv": [12, 11, 13, 15], "texture": "#side"},
				"east": {"uv": [12, 11, 13, 15], "texture": "#side"},
				"south": {"uv": [12, 11, 13, 15], "texture": "#side"},
				"west": {"uv": [9, 4, 10, 7], "texture": "#side"},
				"up": {"uv": [12, 11, 13, 13], "rotation": 90, "texture": "#side"},
				"down": {"uv": [9, 4, 10, 7], "rotation": 270, "texture": "#side"}
			}
		},
		{
			"from": [15, 9, 1],
			"to": [15.5, 13, 3],
			"faces": {
				"north": {"uv": [0, 0, 1, 4], "texture": "#missing"},
				"east": {"uv": [13, 3, 15, 7], "texture": "#side"},
				"south": {"uv": [13, 3, 14, 7], "texture": "#side"},
				"west": {"uv": [0, 0, 2, 4], "texture": "#missing"},
				"up": {"uv": [12, 5, 14, 6], "rotation": 90, "texture": "#side"},
				"down": {"uv": [0, 0, 2, 1], "rotation": 270, "texture": "#missing"}
			}
		},
		{
			"from": [15, 10, 3],
			"to": [15.5, 13, 4],
			"faces": {
				"north": {"uv": [12, 3, 13, 6], "texture": "#side"},
				"east": {"uv": [12, 3, 13, 6], "texture": "#side"},
				"south": {"uv": [12, 3, 13, 6], "texture": "#side"},
				"west": {"uv": [0, 0, 1, 4], "texture": "#missing"},
				"up": {"uv": [12, 3, 13, 3.7], "rotation": 90, "texture": "#side"},
				"down": {"uv": [0, 0, 1, 0.7], "rotation": 270, "texture": "#missing"}
			}
		},
		{
			"from": [14, 9, 0.4],
			"to": [15, 13, 1],
			"faces": {
				"north": {"uv": [1, 3, 2, 7], "texture": "#side"},
				"east": {"uv": [0, 0, 0.6, 4], "texture": "#missing"},
				"south": {"uv": [0, 0, 1, 4], "texture": "#missing"},
				"west": {"uv": [1, 3, 1.6, 7], "texture": "#side"},
				"up": {"uv": [1, 3, 2, 3.6], "texture": "#side"},
				"down": {"uv": [0, 0, 1, 0.6], "texture": "#missing"}
			}
		},
		{
			"from": [12, 9, 0.2],
			"to": [14, 15, 1],
			"faces": {
				"north": {"uv": [2, 1, 4, 7], "texture": "#side"},
				"east": {"uv": [2, 1, 2.8, 7], "texture": "#side"},
				"south": {"uv": [0, 0, 2, 6], "texture": "#missing"},
				"west": {"uv": [3, 1, 3.8, 7], "texture": "#side"},
				"up": {"uv": [0, 0, 2, 0.8], "texture": "#side"},
				"down": {"uv": [0, 0, 2, 0.8], "texture": "#missing"}
			}
		},
		{
			"from": [13, 1, 0.2],
			"to": [15, 7, 1],
			"faces": {
				"north": {"uv": [1, 9, 3, 15], "texture": "#side"},
				"east": {"uv": [2, 1, 2.8, 7], "texture": "#side"},
				"south": {"uv": [0, 0, 2, 6], "texture": "#missing"},
				"west": {"uv": [2, 9, 2.8, 15], "texture": "#side"},
				"up": {"uv": [0, 0, 2, 0.8], "texture": "#side"},
				"down": {"uv": [0, 0, 2, 0.8], "texture": "#missing"}
			}
		},
		{
			"from": [6, 1, 0.3],
			"to": [8, 7, 1],
			"faces": {
				"north": {"uv": [8, 9, 10, 15], "texture": "#side"},
				"east": {"uv": [8, 9, 8.8, 15], "texture": "#side"},
				"south": {"uv": [0, 0, 2, 6], "texture": "#missing"},
				"west": {"uv": [9, 9, 9.8, 15], "texture": "#side"},
				"up": {"uv": [0, 0, 2, 0.8], "texture": "#side"},
				"down": {"uv": [0, 0, 2, 0.8], "texture": "#missing"}
			}
		},
		{
			"from": [9, 9, 0.4],
			"to": [11, 14, 1],
			"faces": {
				"north": {"uv": [5, 2, 7, 7], "texture": "#side"},
				"east": {"uv": [5, 2, 5.3, 7], "texture": "#side"},
				"south": {"uv": [0, 0, 2, 5], "texture": "#missing"},
				"west": {"uv": [6, 2, 6.3, 7], "texture": "#side"},
				"up": {"uv": [13, 14, 15, 14.3], "texture": "#side"},
				"down": {"uv": [0, 0, 2, 0.3], "texture": "#missing"}
			}
		},
		{
			"from": [1, 1, 0.4],
			"to": [3, 5, 1],
			"faces": {
				"north": {"uv": [13, 11, 15, 15], "texture": "#side"},
				"east": {"uv": [5, 2, 5.3, 7], "texture": "#side"},
				"south": {"uv": [0, 0, 2, 5], "texture": "#missing"},
				"west": {"uv": [6, 2, 6.3, 7], "texture": "#side"},
				"up": {"uv": [13, 14, 15, 14.3], "texture": "#side"},
				"down": {"uv": [0, 0, 2, 0.3], "texture": "#missing"}
			}
		},
		{
			"from": [11, 1, 0.4],
			"to": [13, 6, 1],
			"faces": {
				"north": {"uv": [3, 10, 5, 15], "texture": "#side"},
				"east": {"uv": [5, 2, 5.3, 7], "texture": "#side"},
				"south": {"uv": [0, 0, 2, 5], "texture": "#missing"},
				"west": {"uv": [4, 10, 4.3, 15], "texture": "#side"},
				"up": {"uv": [3, 10, 5, 10.3], "texture": "#side"},
				"down": {"uv": [0, 0, 2, 0.3], "texture": "#missing"}
			}
		},
		{
			"from": [4, 9, 0.4],
			"to": [6, 14, 1],
			"faces": {
				"north": {"uv": [10, 2, 12, 7], "texture": "#side"},
				"east": {"uv": [10, 2, 10.3, 7], "texture": "#side"},
				"south": {"uv": [0, 0, 2, 5], "texture": "#missing"},
				"west": {"uv": [11, 2, 11.3, 7], "texture": "#side"},
				"up": {"uv": [10, 2, 12, 2.3], "texture": "#side"},
				"down": {"uv": [0, 0, 2, 0.3], "texture": "#missing"}
			}
		},
		{
			"from": [4, 1, 0.7],
			"to": [6, 6, 1],
			"faces": {
				"north": {"uv": [10, 10, 12, 15], "texture": "#side"},
				"east": {"uv": [10, 2, 10.3, 7], "texture": "#side"},
				"south": {"uv": [0, 0, 2, 5], "texture": "#missing"},
				"west": {"uv": [11, 10, 11.3, 15], "texture": "#side"},
				"up": {"uv": [10, 10, 12, 10.3], "texture": "#side"},
				"down": {"uv": [0, 0, 2, 0.3], "texture": "#missing"}
			}
		},
		{
			"from": [7, 9, 0.2],
			"to": [8, 11, 1],
			"faces": {
				"north": {"uv": [8, 5, 9, 7], "texture": "#side"},
				"east": {"uv": [8, 5, 9, 7], "texture": "#side"},
				"south": {"uv": [0, 0, 1, 2], "texture": "#missing"},
				"west": {"uv": [8, 5, 9, 7], "texture": "#side"},
				"up": {"uv": [7, 3, 8, 4], "texture": "#side"},
				"down": {"uv": [7, 4, 8, 5], "texture": "#side"}
			}
		},
		{
			"from": [8, 10, 0.2],
			"to": [9, 13, 1],
			"faces": {
				"north": {"uv": [7, 3, 8, 6], "texture": "#side"},
				"east": {"uv": [7, 3, 8, 6], "texture": "#side"},
				"south": {"uv": [0, 0, 1, 2], "texture": "#missing"},
				"west": {"uv": [7, 3, 8, 6], "texture": "#side"},
				"up": {"uv": [7, 3, 8, 4.3], "texture": "#side"},
				"down": {"uv": [7, 4, 8, 5], "texture": "#side"}
			}
		},
		{
			"from": [8, 1, 0.2],
			"to": [9, 4, 1],
			"faces": {
				"north": {"uv": [7, 12, 8, 15], "texture": "#side"},
				"east": {"uv": [7, 12, 8, 15], "texture": "#side"},
				"south": {"uv": [0, 0, 1, 2], "texture": "#missing"},
				"west": {"uv": [7, 12, 8, 15], "texture": "#side"},
				"up": {"uv": [7, 12, 8, 13], "texture": "#side"},
				"down": {"uv": [7, 4, 8, 5], "texture": "#side"}
			}
		},
		{
			"from": [10, 3, 0.2],
			"to": [11, 6, 1],
			"faces": {
				"north": {"uv": [5, 10, 6, 13], "texture": "#side"},
				"east": {"uv": [7, 12, 8, 15], "texture": "#side"},
				"south": {"uv": [0, 0, 1, 2], "texture": "#missing"},
				"west": {"uv": [5, 10, 6, 13], "texture": "#side"},
				"up": {"uv": [5, 10, 6, 11], "texture": "#side"},
				"down": {"uv": [5, 12, 6, 13], "texture": "#side"}
			}
		},
		{
			"from": [9, 1, 0.2],
			"to": [10, 5, 1],
			"faces": {
				"north": {"uv": [6, 11, 7, 15], "texture": "#side"},
				"east": {"uv": [6, 11, 7, 15], "texture": "#side"},
				"south": {"uv": [0, 0, 1, 2], "texture": "#missing"},
				"west": {"uv": [6, 11, 7, 14], "texture": "#side"},
				"up": {"uv": [6, 11, 7, 12], "texture": "#side"},
				"down": {"uv": [7, 4, 8, 5], "texture": "#side"}
			}
		},
		{
			"from": [6, 9, 0],
			"to": [7, 12, 1],
			"faces": {
				"north": {"uv": [9, 4, 10, 7], "texture": "#side"},
				"east": {"uv": [9, 4, 10, 7], "texture": "#side"},
				"south": {"uv": [9, 4, 10, 7], "texture": "#side"},
				"west": {"uv": [9, 4, 10, 7], "texture": "#side"},
				"up": {"uv": [9, 4, 10, 6], "texture": "#side"},
				"down": {"uv": [9, 4, 10, 7], "texture": "#side"}
			}
		},
		{
			"from": [3, 1, 0.3],
			"to": [4, 5, 1],
			"faces": {
				"north": {"uv": [12, 11, 13, 15], "texture": "#side"},
				"east": {"uv": [12, 11, 13, 15], "texture": "#side"},
				"south": {"uv": [9, 4, 10, 7], "texture": "#side"},
				"west": {"uv": [12, 11, 13, 15], "texture": "#side"},
				"up": {"uv": [12, 11, 13, 13], "texture": "#side"},
				"down": {"uv": [9, 4, 10, 7], "texture": "#side"}
			}
		},
		{
			"from": [1, 9, 0.5],
			"to": [3, 13, 1],
			"faces": {
				"north": {"uv": [13, 3, 15, 7], "texture": "#side"},
				"east": {"uv": [13, 3, 14, 7], "texture": "#side"},
				"south": {"uv": [0, 0, 2, 4], "texture": "#missing"},
				"west": {"uv": [0, 0, 1, 4], "texture": "#missing"},
				"up": {"uv": [12, 5, 14, 6], "texture": "#side"},
				"down": {"uv": [0, 0, 2, 1], "texture": "#missing"}
			}
		},
		{
			"from": [3, 10, 0.5],
			"to": [4, 13, 1],
			"faces": {
				"north": {"uv": [12, 3, 13, 6], "texture": "#side"},
				"east": {"uv": [12, 3, 13, 6], "texture": "#side"},
				"south": {"uv": [0, 0, 1, 4], "texture": "#missing"},
				"west": {"uv": [12, 3, 13, 6], "texture": "#side"},
				"up": {"uv": [12, 3, 13, 3.7], "texture": "#side"},
				"down": {"uv": [0, 0, 1, 0.7], "texture": "#missing"}
			}
		}
	],
	"groups": [
		{
			"name": "scaffold",
			"origin": [0, 0, 0],
			"children": [0, 1, 2, 3, 4, 5, 6, 7, 8, 9, 10, 11]
		},
		{
			"name": "books",
			"origin": [8, 8, 8],
			"children": [12, 13, 14, 15, 16, 17, 18, 19, 20, 21, 22, 23, 24, 25, 26, 27, 28, 29]
		},
		{
			"name": "books",
			"origin": [8, 8, 8],
			"children": [30, 31, 32, 33, 34, 35, 36, 37, 38, 39, 40, 41, 42, 43, 44, 45, 46, 47]
		},
		{
			"name": "books",
			"origin": [8, 8, 8],
			"children": [48, 49, 50, 51, 52, 53, 54, 55, 56, 57, 58, 59, 60, 61, 62, 63, 64, 65]
		},
		{
			"name": "books",
			"origin": [8, 8, 8],
			"children": [66, 67, 68, 69, 70, 71, 72, 73, 74, 75, 76, 77, 78, 79, 80, 81, 82, 83]
		}
	]
}