{
	"ambientocclusion": false,
	"textures": {
		"bottom": "block/cactus/under",
		"top": "block/cactus/top",
		"side": "block/cactus/side",
		"particle": "block/cactus/side"
	},
	"elements": [
		{
			"from": [1, 0, 1],
			"to": [15, 16, 15],
			"faces": {
				"north": {"uv": [1, 0, 15, 16], "texture": "#side"},
				"east": {"uv": [1, 0, 15, 16], "texture": "#side"},
				"south": {"uv": [1, 0, 15, 16], "texture": "#side"},
				"west": {"uv": [1, 0, 15, 16], "texture": "#side"},
				"up": {"uv": [1, 1, 15, 15], "texture": "#top"},
				"down": {"uv": [1, 1, 15, 15], "texture": "#bottom"}
			}
		},
		{
			"from": [8, 14, 0],
			"to": [9, 15, 1],
			"faces": {
				"north": {"uv": [0, 2, 1, 3], "texture": "#side"},
				"east": {"uv": [0, 2, 1, 3], "texture": "#side"},
				"south": {"uv": [0, 2, 1, 3], "texture": "#side"},
				"west": {"uv": [0, 2, 1, 3], "texture": "#side"},
				"up": {"uv": [0, 2, 1, 3], "texture": "#side"},
				"down": {"uv": [0, 2, 1, 3], "texture": "#side"}
			}
		},
		{
			"from": [7, 12, 0],
			"to": [8, 13, 1],
			"faces": {
				"north": {"uv": [0, 2, 1, 3], "texture": "#side"},
				"east": {"uv": [0, 2, 1, 3], "texture": "#side"},
				"south": {"uv": [0, 2, 1, 3], "texture": "#side"},
				"west": {"uv": [0, 2, 1, 3], "texture": "#side"},
				"up": {"uv": [0, 2, 1, 3], "texture": "#side"},
				"down": {"uv": [0, 2, 1, 3], "texture": "#side"}
			}
		},
		{
			"from": [7, 8, 0],
			"to": [8, 9, 1],
			"faces": {
				"north": {"uv": [0, 2, 1, 3], "texture": "#side"},
				"east": {"uv": [0, 2, 1, 3], "texture": "#side"},
				"south": {"uv": [0, 2, 1, 3], "texture": "#side"},
				"west": {"uv": [0, 2, 1, 3], "texture": "#side"},
				"up": {"uv": [0, 2, 1, 3], "texture": "#side"},
				"down": {"uv": [0, 2, 1, 3], "texture": "#side"}
			}
		},
		{
			"from": [8, 6, 0],
			"to": [9, 7, 1],
			"faces": {
				"north": {"uv": [0, 2, 1, 3], "texture": "#side"},
				"east": {"uv": [0, 2, 1, 3], "texture": "#side"},
				"south": {"uv": [0, 2, 1, 3], "texture": "#side"},
				"west": {"uv": [0, 2, 1, 3], "texture": "#side"},
				"up": {"uv": [0, 2, 1, 3], "texture": "#side"},
				"down": {"uv": [0, 2, 1, 3], "texture": "#side"}
			}
		},
		{
			"from": [7, 3, 0],
			"to": [8, 4, 1],
			"faces": {
				"north": {"uv": [0, 2, 1, 3], "texture": "#side"},
				"east": {"uv": [0, 2, 1, 3], "texture": "#side"},
				"south": {"uv": [0, 2, 1, 3], "texture": "#side"},
				"west": {"uv": [0, 2, 1, 3], "texture": "#side"},
				"up": {"uv": [0, 2, 1, 3], "texture": "#side"},
				"down": {"uv": [0, 2, 1, 3], "texture": "#side"}
			}
		},
		{
			"from": [8, 1, 0],
			"to": [9, 2, 1],
			"faces": {
				"north": {"uv": [0, 2, 1, 3], "texture": "#side"},
				"east": {"uv": [0, 2, 1, 3], "texture": "#side"},
				"south": {"uv": [0, 2, 1, 3], "texture": "#side"},
				"west": {"uv": [0, 2, 1, 3], "texture": "#side"},
				"up": {"uv": [0, 2, 1, 3], "texture": "#side"},
				"down": {"uv": [0, 2, 1, 3], "texture": "#side"}
			}
		},
		{
			"from": [14, 3, 0],
			"to": [15, 4, 1],
			"faces": {
				"north": {"uv": [0, 2, 1, 3], "texture": "#side"},
				"east": {"uv": [0, 2, 1, 3], "texture": "#side"},
				"south": {"uv": [0, 2, 1, 3], "texture": "#side"},
				"west": {"uv": [0, 2, 1, 3], "texture": "#side"},
				"up": {"uv": [0, 2, 1, 3], "texture": "#side"},
				"down": {"uv": [0, 2, 1, 3], "texture": "#side"}
			}
		},
		{
			"from": [14, 9, 0],
			"to": [15, 10, 1],
			"faces": {
				"north": {"uv": [0, 2, 1, 3], "texture": "#side"},
				"east": {"uv": [0, 2, 1, 3], "texture": "#side"},
				"south": {"uv": [0, 2, 1, 3], "texture": "#side"},
				"west": {"uv": [0, 2, 1, 3], "texture": "#side"},
				"up": {"uv": [0, 2, 1, 3], "texture": "#side"},
				"down": {"uv": [0, 2, 1, 3], "texture": "#side"}
			}
		},
		{
			"from": [14, 13, 0],
			"to": [15, 14, 1],
			"faces": {
				"north": {"uv": [0, 2, 1, 3], "texture": "#side"},
				"east": {"uv": [0, 2, 1, 3], "texture": "#side"},
				"south": {"uv": [0, 2, 1, 3], "texture": "#side"},
				"west": {"uv": [0, 2, 1, 3], "texture": "#side"},
				"up": {"uv": [0, 2, 1, 3], "texture": "#side"},
				"down": {"uv": [0, 2, 1, 3], "texture": "#side"}
			}
		},
		{
			"from": [0, 5, 14],
			"to": [1, 6, 15],
			"faces": {
				"north": {"uv": [0, 2, 1, 3], "texture": "#side"},
				"east": {"uv": [0, 2, 1, 3], "texture": "#side"},
				"south": {"uv": [0, 2, 1, 3], "texture": "#side"},
				"west": {"uv": [0, 2, 1, 3], "texture": "#side"},
				"up": {"uv": [0, 2, 1, 3], "texture": "#side"},
				"down": {"uv": [0, 2, 1, 3], "texture": "#side"}
			}
		},
		{
			"from": [0, 9, 14],
			"to": [1, 10, 15],
			"faces": {
				"north": {"uv": [0, 2, 1, 3], "texture": "#side"},
				"east": {"uv": [0, 2, 1, 3], "texture": "#side"},
				"south": {"uv": [0, 2, 1, 3], "texture": "#side"},
				"west": {"uv": [0, 2, 1, 3], "texture": "#side"},
				"up": {"uv": [0, 2, 1, 3], "texture": "#side"},
				"down": {"uv": [0, 2, 1, 3], "texture": "#side"}
			}
		},
		{
			"from": [0, 13, 14],
			"to": [1, 14, 15],
			"faces": {
				"north": {"uv": [0, 2, 1, 3], "texture": "#side"},
				"east": {"uv": [0, 2, 1, 3], "texture": "#side"},
				"south": {"uv": [0, 2, 1, 3], "texture": "#side"},
				"west": {"uv": [0, 2, 1, 3], "texture": "#side"},
				"up": {"uv": [0, 2, 1, 3], "texture": "#side"},
				"down": {"uv": [0, 2, 1, 3], "texture": "#side"}
			}
		},
		{
			"from": [0, 14, 7],
			"to": [1, 15, 8],
			"faces": {
				"north": {"uv": [0, 2, 1, 3], "texture": "#side"},
				"east": {"uv": [0, 2, 1, 3], "texture": "#side"},
				"south": {"uv": [0, 2, 1, 3], "texture": "#side"},
				"west": {"uv": [0, 2, 1, 3], "texture": "#side"},
				"up": {"uv": [0, 2, 1, 3], "texture": "#side"},
				"down": {"uv": [0, 2, 1, 3], "texture": "#side"}
			}
		},
		{
			"from": [0, 12, 8],
			"to": [1, 13, 9],
			"faces": {
				"north": {"uv": [0, 2, 1, 3], "texture": "#side"},
				"east": {"uv": [0, 2, 1, 3], "texture": "#side"},
				"south": {"uv": [0, 2, 1, 3], "texture": "#side"},
				"west": {"uv": [0, 2, 1, 3], "texture": "#side"},
				"up": {"uv": [0, 2, 1, 3], "texture": "#side"},
				"down": {"uv": [0, 2, 1, 3], "texture": "#side"}
			}
		},
		{
			"from": [0, 8, 8],
			"to": [1, 9, 9],
			"faces": {
				"north": {"uv": [0, 2, 1, 3], "texture": "#side"},
				"east": {"uv": [0, 2, 1, 3], "texture": "#side"},
				"south": {"uv": [0, 2, 1, 3], "texture": "#side"},
				"west": {"uv": [0, 2, 1, 3], "texture": "#side"},
				"up": {"uv": [0, 2, 1, 3], "texture": "#side"},
				"down": {"uv": [0, 2, 1, 3], "texture": "#side"}
			}
		},
		{
			"from": [0, 6, 7],
			"to": [1, 7, 8],
			"faces": {
				"north": {"uv": [0, 2, 1, 3], "texture": "#side"},
				"east": {"uv": [0, 2, 1, 3], "texture": "#side"},
				"south": {"uv": [0, 2, 1, 3], "texture": "#side"},
				"west": {"uv": [0, 2, 1, 3], "texture": "#side"},
				"up": {"uv": [0, 2, 1, 3], "texture": "#side"},
				"down": {"uv": [0, 2, 1, 3], "texture": "#side"}
			}
		},
		{
			"from": [0, 3, 8],
			"to": [1, 4, 9],
			"faces": {
				"north": {"uv": [0, 2, 1, 3], "texture": "#side"},
				"east": {"uv": [0, 2, 1, 3], "texture": "#side"},
				"south": {"uv": [0, 2, 1, 3], "texture": "#side"},
				"west": {"uv": [0, 2, 1, 3], "texture": "#side"},
				"up": {"uv": [0, 2, 1, 3], "texture": "#side"},
				"down": {"uv": [0, 2, 1, 3], "texture": "#side"}
			}
		},
		{
			"from": [0, 1, 7],
			"to": [1, 2, 8],
			"faces": {
				"north": {"uv": [0, 2, 1, 3], "texture": "#side"},
				"east": {"uv": [0, 2, 1, 3], "texture": "#side"},
				"south": {"uv": [0, 2, 1, 3], "texture": "#side"},
				"west": {"uv": [0, 2, 1, 3], "texture": "#side"},
				"up": {"uv": [0, 2, 1, 3], "texture": "#side"},
				"down": {"uv": [0, 2, 1, 3], "texture": "#side"}
			}
		},
		{
			"from": [0, 3, 1],
			"to": [1, 4, 2],
			"faces": {
				"north": {"uv": [0, 2, 1, 3], "texture": "#side"},
				"east": {"uv": [0, 2, 1, 3], "texture": "#side"},
				"south": {"uv": [0, 2, 1, 3], "texture": "#side"},
				"west": {"uv": [0, 2, 1, 3], "texture": "#side"},
				"up": {"uv": [0, 2, 1, 3], "texture": "#side"},
				"down": {"uv": [0, 2, 1, 3], "texture": "#side"}
			}
		},
		{
			"from": [0, 9, 1],
			"to": [1, 10, 2],
			"faces": {
				"north": {"uv": [0, 2, 1, 3], "texture": "#side"},
				"east": {"uv": [0, 2, 1, 3], "texture": "#side"},
				"south": {"uv": [0, 2, 1, 3], "texture": "#side"},
				"west": {"uv": [0, 2, 1, 3], "texture": "#side"},
				"up": {"uv": [0, 2, 1, 3], "texture": "#side"},
				"down": {"uv": [0, 2, 1, 3], "texture": "#side"}
			}
		},
		{
			"from": [0, 13, 1],
			"to": [1, 14, 2],
			"faces": {
				"north": {"uv": [0, 2, 1, 3], "texture": "#side"},
				"east": {"uv": [0, 2, 1, 3], "texture": "#side"},
				"south": {"uv": [0, 2, 1, 3], "texture": "#side"},
				"west": {"uv": [0, 2, 1, 3], "texture": "#side"},
				"up": {"uv": [0, 2, 1, 3], "texture": "#side"},
				"down": {"uv": [0, 2, 1, 3], "texture": "#side"}
			}
		},
		{
			"from": [1, 13, 0],
			"to": [2, 14, 1],
			"faces": {
				"north": {"uv": [0, 2, 1, 3], "texture": "#side"},
				"east": {"uv": [0, 2, 1, 3], "texture": "#side"},
				"south": {"uv": [0, 2, 1, 3], "texture": "#side"},
				"west": {"uv": [0, 2, 1, 3], "texture": "#side"},
				"up": {"uv": [0, 2, 1, 3], "texture": "#side"},
				"down": {"uv": [0, 2, 1, 3], "texture": "#side"}
			}
		},
		{
			"from": [1, 9, 0],
			"to": [2, 10, 1],
			"faces": {
				"north": {"uv": [0, 2, 1, 3], "texture": "#side"},
				"east": {"uv": [0, 2, 1, 3], "texture": "#side"},
				"south": {"uv": [0, 2, 1, 3], "texture": "#side"},
				"west": {"uv": [0, 2, 1, 3], "texture": "#side"},
				"up": {"uv": [0, 2, 1, 3], "texture": "#side"},
				"down": {"uv": [0, 2, 1, 3], "texture": "#side"}
			}
		},
		{
			"from": [1, 5, 0],
			"to": [2, 6, 1],
			"faces": {
				"north": {"uv": [0, 2, 1, 3], "texture": "#side"},
				"east": {"uv": [0, 2, 1, 3], "texture": "#side"},
				"south": {"uv": [0, 2, 1, 3], "texture": "#side"},
				"west": {"uv": [0, 2, 1, 3], "texture": "#side"},
				"up": {"uv": [0, 2, 1, 3], "texture": "#side"},
				"down": {"uv": [0, 2, 1, 3], "texture": "#side"}
			}
		},
		{
			"from": [1, 13, 15],
			"to": [2, 14, 16],
			"faces": {
				"north": {"uv": [0, 2, 1, 3], "texture": "#side"},
				"east": {"uv": [0, 2, 1, 3], "texture": "#side"},
				"south": {"uv": [0, 2, 1, 3], "texture": "#side"},
				"west": {"uv": [0, 2, 1, 3], "texture": "#side"},
				"up": {"uv": [0, 2, 1, 3], "texture": "#side"},
				"down": {"uv": [0, 2, 1, 3], "texture": "#side"}
			}
		},
		{
			"from": [1, 9, 15],
			"to": [2, 10, 16],
			"faces": {
				"north": {"uv": [0, 2, 1, 3], "texture": "#side"},
				"east": {"uv": [0, 2, 1, 3], "texture": "#side"},
				"south": {"uv": [0, 2, 1, 3], "texture": "#side"},
				"west": {"uv": [0, 2, 1, 3], "texture": "#side"},
				"up": {"uv": [0, 2, 1, 3], "texture": "#side"},
				"down": {"uv": [0, 2, 1, 3], "texture": "#side"}
			}
		},
		{
			"from": [1, 3, 15],
			"to": [2, 4, 16],
			"faces": {
				"north": {"uv": [0, 2, 1, 3], "texture": "#side"},
				"east": {"uv": [0, 2, 1, 3], "texture": "#side"},
				"south": {"uv": [0, 2, 1, 3], "texture": "#side"},
				"west": {"uv": [0, 2, 1, 3], "texture": "#side"},
				"up": {"uv": [0, 2, 1, 3], "texture": "#side"},
				"down": {"uv": [0, 2, 1, 3], "texture": "#side"}
			}
		},
		{
			"from": [14, 13, 15],
			"to": [15, 14, 16],
			"faces": {
				"north": {"uv": [0, 2, 1, 3], "texture": "#side"},
				"east": {"uv": [0, 2, 1, 3], "texture": "#side"},
				"south": {"uv": [0, 2, 1, 3], "texture": "#side"},
				"west": {"uv": [0, 2, 1, 3], "texture": "#side"},
				"up": {"uv": [0, 2, 1, 3], "texture": "#side"},
				"down": {"uv": [0, 2, 1, 3], "texture": "#side"}
			}
		},
		{
			"from": [14, 9, 15],
			"to": [15, 10, 16],
			"faces": {
				"north": {"uv": [0, 2, 1, 3], "texture": "#side"},
				"east": {"uv": [0, 2, 1, 3], "texture": "#side"},
				"south": {"uv": [0, 2, 1, 3], "texture": "#side"},
				"west": {"uv": [0, 2, 1, 3], "texture": "#side"},
				"up": {"uv": [0, 2, 1, 3], "texture": "#side"},
				"down": {"uv": [0, 2, 1, 3], "texture": "#side"}
			}
		},
		{
			"from": [14, 3, 15],
			"to": [15, 4, 16],
			"faces": {
				"north": {"uv": [0, 2, 1, 3], "texture": "#side"},
				"east": {"uv": [0, 2, 1, 3], "texture": "#side"},
				"south": {"uv": [0, 2, 1, 3], "texture": "#side"},
				"west": {"uv": [0, 2, 1, 3], "texture": "#side"},
				"up": {"uv": [0, 2, 1, 3], "texture": "#side"},
				"down": {"uv": [0, 2, 1, 3], "texture": "#side"}
			}
		},
		{
			"from": [15, 13, 14],
			"to": [16, 14, 15],
			"faces": {
				"north": {"uv": [0, 2, 1, 3], "texture": "#side"},
				"east": {"uv": [0, 2, 1, 3], "texture": "#side"},
				"south": {"uv": [0, 2, 1, 3], "texture": "#side"},
				"west": {"uv": [0, 2, 1, 3], "texture": "#side"},
				"up": {"uv": [0, 2, 1, 3], "texture": "#side"},
				"down": {"uv": [0, 2, 1, 3], "texture": "#side"}
			}
		},
		{
			"from": [15, 9, 14],
			"to": [16, 10, 15],
			"faces": {
				"north": {"uv": [0, 2, 1, 3], "texture": "#side"},
				"east": {"uv": [0, 2, 1, 3], "texture": "#side"},
				"south": {"uv": [0, 2, 1, 3], "texture": "#side"},
				"west": {"uv": [0, 2, 1, 3], "texture": "#side"},
				"up": {"uv": [0, 2, 1, 3], "texture": "#side"},
				"down": {"uv": [0, 2, 1, 3], "texture": "#side"}
			}
		},
		{
			"from": [15, 3, 14],
			"to": [16, 4, 15],
			"faces": {
				"north": {"uv": [0, 2, 1, 3], "texture": "#side"},
				"east": {"uv": [0, 2, 1, 3], "texture": "#side"},
				"south": {"uv": [0, 2, 1, 3], "texture": "#side"},
				"west": {"uv": [0, 2, 1, 3], "texture": "#side"},
				"up": {"uv": [0, 2, 1, 3], "texture": "#side"},
				"down": {"uv": [0, 2, 1, 3], "texture": "#side"}
			}
		},
		{
			"from": [15, 13, 1],
			"to": [16, 14, 2],
			"faces": {
				"north": {"uv": [0, 2, 1, 3], "texture": "#side"},
				"east": {"uv": [0, 2, 1, 3], "texture": "#side"},
				"south": {"uv": [0, 2, 1, 3], "texture": "#side"},
				"west": {"uv": [0, 2, 1, 3], "texture": "#side"},
				"up": {"uv": [0, 2, 1, 3], "texture": "#side"},
				"down": {"uv": [0, 2, 1, 3], "texture": "#side"}
			}
		},
		{
			"from": [15, 9, 1],
			"to": [16, 10, 2],
			"faces": {
				"north": {"uv": [0, 2, 1, 3], "texture": "#side"},
				"east": {"uv": [0, 2, 1, 3], "texture": "#side"},
				"south": {"uv": [0, 2, 1, 3], "texture": "#side"},
				"west": {"uv": [0, 2, 1, 3], "texture": "#side"},
				"up": {"uv": [0, 2, 1, 3], "texture": "#side"},
				"down": {"uv": [0, 2, 1, 3], "texture": "#side"}
			}
		},
		{
			"from": [15, 3, 1],
			"to": [16, 4, 2],
			"faces": {
				"north": {"uv": [0, 2, 1, 3], "texture": "#side"},
				"east": {"uv": [0, 2, 1, 3], "texture": "#side"},
				"south": {"uv": [0, 2, 1, 3], "texture": "#side"},
				"west": {"uv": [0, 2, 1, 3], "texture": "#side"},
				"up": {"uv": [0, 2, 1, 3], "texture": "#side"},
				"down": {"uv": [0, 2, 1, 3], "texture": "#side"}
			}
		},
		{
			"from": [7, 14, 15],
			"to": [8, 15, 16],
			"faces": {
				"north": {"uv": [0, 2, 1, 3], "texture": "#side"},
				"east": {"uv": [0, 2, 1, 3], "texture": "#side"},
				"south": {"uv": [0, 2, 1, 3], "texture": "#side"},
				"west": {"uv": [0, 2, 1, 3], "texture": "#side"},
				"up": {"uv": [0, 2, 1, 3], "texture": "#side"},
				"down": {"uv": [0, 2, 1, 3], "texture": "#side"}
			}
		},
		{
			"from": [8, 12, 15],
			"to": [9, 13, 16],
			"faces": {
				"north": {"uv": [0, 2, 1, 3], "texture": "#side"},
				"east": {"uv": [0, 2, 1, 3], "texture": "#side"},
				"south": {"uv": [0, 2, 1, 3], "texture": "#side"},
				"west": {"uv": [0, 2, 1, 3], "texture": "#side"},
				"up": {"uv": [0, 2, 1, 3], "texture": "#side"},
				"down": {"uv": [0, 2, 1, 3], "texture": "#side"}
			}
		},
		{
			"from": [7, 8, 15],
			"to": [8, 9, 16],
			"faces": {
				"north": {"uv": [0, 2, 1, 3], "texture": "#side"},
				"east": {"uv": [0, 2, 1, 3], "texture": "#side"},
				"south": {"uv": [0, 2, 1, 3], "texture": "#side"},
				"west": {"uv": [0, 2, 1, 3], "texture": "#side"},
				"up": {"uv": [0, 2, 1, 3], "texture": "#side"},
				"down": {"uv": [0, 2, 1, 3], "texture": "#side"}
			}
		},
		{
			"from": [8, 6, 15],
			"to": [9, 7, 16],
			"faces": {
				"north": {"uv": [0, 2, 1, 3], "texture": "#side"},
				"east": {"uv": [0, 2, 1, 3], "texture": "#side"},
				"south": {"uv": [0, 2, 1, 3], "texture": "#side"},
				"west": {"uv": [0, 2, 1, 3], "texture": "#side"},
				"up": {"uv": [0, 2, 1, 3], "texture": "#side"},
				"down": {"uv": [0, 2, 1, 3], "texture": "#side"}
			}
		},
		{
			"from": [8, 3, 15],
			"to": [9, 4, 16],
			"faces": {
				"north": {"uv": [0, 2, 1, 3], "texture": "#side"},
				"east": {"uv": [0, 2, 1, 3], "texture": "#side"},
				"south": {"uv": [0, 2, 1, 3], "texture": "#side"},
				"west": {"uv": [0, 2, 1, 3], "texture": "#side"},
				"up": {"uv": [0, 2, 1, 3], "texture": "#side"},
				"down": {"uv": [0, 2, 1, 3], "texture": "#side"}
			}
		},
		{
			"from": [7, 1, 15],
			"to": [8, 2, 16],
			"faces": {
				"north": {"uv": [0, 2, 1, 3], "texture": "#side"},
				"east": {"uv": [0, 2, 1, 3], "texture": "#side"},
				"south": {"uv": [0, 2, 1, 3], "texture": "#side"},
				"west": {"uv": [0, 2, 1, 3], "texture": "#side"},
				"up": {"uv": [0, 2, 1, 3], "texture": "#side"},
				"down": {"uv": [0, 2, 1, 3], "texture": "#side"}
			}
		},
		{
			"from": [15, 12, 7],
			"to": [16, 13, 8],
			"faces": {
				"north": {"uv": [0, 2, 1, 3], "texture": "#side"},
				"east": {"uv": [0, 2, 1, 3], "texture": "#side"},
				"south": {"uv": [0, 2, 1, 3], "texture": "#side"},
				"west": {"uv": [0, 2, 1, 3], "texture": "#side"},
				"up": {"uv": [0, 2, 1, 3], "texture": "#side"},
				"down": {"uv": [0, 2, 1, 3], "texture": "#side"}
			}
		},
		{
			"from": [15, 6, 7],
			"to": [16, 7, 8],
			"faces": {
				"north": {"uv": [0, 2, 1, 3], "texture": "#side"},
				"east": {"uv": [0, 2, 1, 3], "texture": "#side"},
				"south": {"uv": [0, 2, 1, 3], "texture": "#side"},
				"west": {"uv": [0, 2, 1, 3], "texture": "#side"},
				"up": {"uv": [0, 2, 1, 3], "texture": "#side"},
				"down": {"uv": [0, 2, 1, 3], "texture": "#side"}
			}
		},
		{
			"from": [15, 3, 7],
			"to": [16, 4, 8],
			"faces": {
				"north": {"uv": [0, 2, 1, 3], "texture": "#side"},
				"east": {"uv": [0, 2, 1, 3], "texture": "#side"},
				"south": {"uv": [0, 2, 1, 3], "texture": "#side"},
				"west": {"uv": [0, 2, 1, 3], "texture": "#side"},
				"up": {"uv": [0, 2, 1, 3], "texture": "#side"},
				"down": {"uv": [0, 2, 1, 3], "texture": "#side"}
			}
		},
		{
			"from": [15, 14, 8],
			"to": [16, 15, 9],
			"faces": {
				"north": {"uv": [0, 2, 1, 3], "texture": "#side"},
				"east": {"uv": [0, 2, 1, 3], "texture": "#side"},
				"south": {"uv": [0, 2, 1, 3], "texture": "#side"},
				"west": {"uv": [0, 2, 1, 3], "texture": "#side"},
				"up": {"uv": [0, 2, 1, 3], "texture": "#side"},
				"down": {"uv": [0, 2, 1, 3], "texture": "#side"}
			}
		},
		{
			"from": [15, 6, 8],
			"to": [16, 7, 9],
			"faces": {
				"north": {"uv": [0, 2, 1, 3], "texture": "#side"},
				"east": {"uv": [0, 2, 1, 3], "texture": "#side"},
				"south": {"uv": [0, 2, 1, 3], "texture": "#side"},
				"west": {"uv": [0, 2, 1, 3], "texture": "#side"},
				"up": {"uv": [0, 2, 1, 3], "texture": "#side"},
				"down": {"uv": [0, 2, 1, 3], "texture": "#side"}
			}
		},
		{
			"from": [15, 1, 8],
			"to": [16, 2, 9],
			"faces": {
				"north": {"uv": [0, 2, 1, 3], "texture": "#side"},
				"east": {"uv": [0, 2, 1, 3], "texture": "#side"},
				"south": {"uv": [0, 2, 1, 3], "texture": "#side"},
				"west": {"uv": [0, 2, 1, 3], "texture": "#side"},
				"up": {"uv": [0, 2, 1, 3], "texture": "#side"},
				"down": {"uv": [0, 2, 1, 3], "texture": "#side"}
			}
		}
	],
	"display": {
		"thirdperson_righthand": {
			"scale": [0.375, 0.375, 0.375],
			"rotation": [75, 45, 0],
			"translation": [0, 2.5, 0]
		},
		"thirdperson_lefthand": {
			"scale": [0.375, 0.375, 0.375],
			"rotation": [75, 45, 0],
			"translation": [0, 2.5, 0]
		},
		"firstperson_righthand": {
			"scale": [0.4, 0.4, 0.4],
			"rotation": [0, 45, 0],
			"translation": [0, 0, 0]
		},
		"firstperson_lefthand": {
			"scale": [0.4, 0.4, 0.4],
			"rotation": [0, 225, 0],
			"translation": [0, 0, 0]
		},
		"ground": {
			"scale": [0.25, 0.25, 0.25],
			"rotation": [0, 0, 0],
			"translation": [0, 3, 0]
		},
		"gui": {
			"scale": [0.625, 0.625, 0.625],
			"rotation": [30, 225, 0],
			"translation": [0, 0, 0]
		}
	}
}