{
	"credit": "Made with Blockbench",
	"parent": "minecraft:block/cube",
	"textures": {
		"5": "block/tables/cartography/mappamondo",
		"particle": "block/tables/cartography/side3",
		"north": "block/tables/cartography/side3",
		"south": "block/tables/cartography/side1",
		"west": "block/tables/cartography/side2",
		"up": "block/tables/cartography/top",
		"down": "block/tables/cartography/under"
	},
	"elements": [
		{
			"from": [0, 0, 0],
			"to": [16, 16, 16],
			"faces": {
				"north": {"uv": [0, 0, 16, 16], "texture": "#west"},
				"east": {"uv": [0, 0, 16, 16], "texture": "#north"},
				"south": {"uv": [0, 0, 16, 16], "texture": "#north"},
				"west": {"uv": [0, 0, 16, 16], "texture": "#south"},
				"up": {"uv": [0, 0, 16, 16], "texture": "#up"},
				"down": {"uv": [0, 0, 16, 16], "texture": "#down"}
			}
		},
		{
			"from": [4, 17, 13],
			"to": [5, 26, 14],
			"rotation": {"angle": 0, "axis": "y", "origin": [12, 24, 21]},
			"faces": {
				"north": {"uv": [0, 0, 1, 9], "texture": "#down"},
				"east": {"uv": [0, 0, 1, 9], "texture": "#down"},
				"south": {"uv": [0, 0, 1, 9], "texture": "#down"},
				"west": {"uv": [0, 0, 1, 9], "texture": "#down"},
				"up": {"uv": [0, 0, 1, 1], "texture": "#down"},
				"down": {"uv": [0, 0, 1, 1], "texture": "#down"}
			}
		},
		{
			"from": [3, 16, 8],
			"to": [6, 17, 14],
			"rotation": {"angle": 0, "axis": "y", "origin": [11, 23, 21]},
			"faces": {
				"north": {"uv": [0, 0, 3, 1], "texture": "#down"},
				"east": {"uv": [0, 0, 6, 1], "texture": "#down"},
				"south": {"uv": [0, 0, 3, 1], "texture": "#down"},
				"west": {"uv": [0, 0, 6, 1], "texture": "#down"},
				"up": {"uv": [0, 0, 3, 6], "texture": "#down"},
				"down": {"uv": [0, 0, 3, 6], "texture": "#down"}
			}
		},
		{
			"from": [4, 25, 10],
			"to": [5, 26, 13],
			"rotation": {"angle": 0, "axis": "y", "origin": [12, 24, 21]},
			"faces": {
				"north": {"uv": [0, 0, 1, 1], "texture": "#down"},
				"east": {"uv": [0, 0, 3, 1], "texture": "#down"},
				"south": {"uv": [0, 0, 1, 1], "texture": "#down"},
				"west": {"uv": [7, 5, 10, 6], "texture": "#down"},
				"up": {"uv": [0, 0, 4, 5], "texture": "#down"},
				"down": {"uv": [0, 0, 1, 3], "texture": "#down"}
			}
		},
		{
			"from": [4, 24, 9],
			"to": [5, 26, 10],
			"rotation": {"angle": 0, "axis": "y", "origin": [12, 24, 20]},
			"faces": {
				"north": {"uv": [0, 0, 1, 2], "texture": "#down"},
				"east": {"uv": [0, 0, 1, 2], "texture": "#down"},
				"south": {"uv": [0, 0, 1, 2], "texture": "#down"},
				"west": {"uv": [0, 0, 1, 2], "texture": "#down"},
				"up": {"uv": [0, 0, 1, 1], "texture": "#down"},
				"down": {"uv": [0, 0, 1, 1], "texture": "#down"}
			}
		},
		{
			"from": [2, 19, 7],
			"to": [7, 24, 12],
			"rotation": {"angle": 0, "axis": "y", "origin": [10, 27, 15]},
			"faces": {
				"north": {"uv": [11, 4, 16, 9], "texture": "#5"},
				"east": {"uv": [5, 4, 10, 9], "texture": "#5"},
				"south": {"uv": [3, 9, 5, 11], "texture": "#5"},
				"west": {"uv": [0, 6, 5, 11], "texture": "#5"},
				"up": {"uv": [0, 0, 4, 5], "texture": "#5"},
				"down": {"uv": [5, 10, 10, 15], "texture": "#5"}
			}
		},
		{
			"from": [2, 16, 2],
			"to": [6, 17, 6],
			"faces": {
				"north": {"uv": [2, 2, 6, 3], "texture": "#up"},
				"east": {"uv": [2, 2, 6, 3], "texture": "#up"},
				"south": {"uv": [2, 2, 6, 3], "texture": "#up"},
				"west": {"uv": [2, 5, 6, 6], "texture": "#up"},
				"up": {"uv": [2, 2, 6, 6], "texture": "#up"},
				"down": {"uv": [0, 0, 4, 4], "texture": "#missing"}
			}
		},
		{
			"from": [11, 16, 2],
			"to": [15, 16.5, 10],
			"faces": {
				"north": {"uv": [11, 2, 15, 3], "texture": "#up"},
				"east": {"uv": [8, 9, 9, 10], "texture": "#up"},
				"south": {"uv": [11, 2, 15, 3], "texture": "#up"},
				"west": {"uv": [13, 2, 14, 3], "texture": "#up"},
				"up": {"uv": [11, 2, 15, 10], "texture": "#up"},
				"down": {"uv": [0, 0, 4, 8], "texture": "#missing"}
			}
		},
		{
			"from": [9, 16, 3],
			"to": [11, 16.5, 12],
			"faces": {
				"north": {"uv": [9, 3, 11, 4], "texture": "#up"},
				"east": {"uv": [0, 0, 9, 1], "texture": "#missing"},
				"south": {"uv": [9, 3, 11, 4], "texture": "#up"},
				"west": {"uv": [14, 3, 15, 4], "texture": "#up"},
				"up": {"uv": [9, 3, 11, 12], "texture": "#up"},
				"down": {"uv": [0, 0, 2, 9], "texture": "#missing"}
			}
		},
		{
			"from": [8, 16, 4],
			"to": [9, 16.5, 11],
			"faces": {
				"north": {"uv": [12, 10, 13, 11], "texture": "#up"},
				"east": {"uv": [0, 0, 7, 1], "texture": "#missing"},
				"south": {"uv": [14, 2, 15, 3], "texture": "#up"},
				"west": {"uv": [9, 3, 10, 4], "texture": "#up"},
				"up": {"uv": [8, 4, 9, 11], "texture": "#up"},
				"down": {"uv": [0, 0, 1, 7], "texture": "#missing"}
			}
		},
		{
			"from": [11, 16, 10],
			"to": [14, 16.5, 11],
			"faces": {
				"north": {"uv": [0, 0, 3, 1], "texture": "#missing"},
				"east": {"uv": [13, 10, 14, 11], "texture": "#up"},
				"south": {"uv": [9, 11, 12, 12], "texture": "#up"},
				"west": {"uv": [0, 0, 1, 1], "texture": "#missing"},
				"up": {"uv": [11, 10, 14, 11], "texture": "#up"},
				"down": {"uv": [0, 0, 3, 1], "texture": "#missing"}
			}
		},
		{
			"from": [11, 16, 11],
			"to": [12, 16.5, 12],
			"faces": {
				"north": {"uv": [14, 2, 15, 2.5], "texture": "#up"},
				"east": {"uv": [14, 2, 15, 2.5], "texture": "#up"},
				"south": {"uv": [14, 2, 15, 2.5], "texture": "#up"},
				"west": {"uv": [14, 2, 15, 2.5], "texture": "#up"},
				"up": {"uv": [14, 2, 15, 2.5], "texture": "#up"},
				"down": {"uv": [14, 2, 15, 2.5], "texture": "#up"}
			}
		}
	],
	"display": {
		"thirdperson_righthand": {
			"rotation": [75, 45, 0],
			"translation": [0, 2.5, 0],
			"scale": [0.375, 0.375, 0.375]
		},
		"thirdperson_lefthand": {
			"rotation": [75, 45, 0],
			"translation": [0, 2.5, 0],
			"scale": [0.375, 0.375, 0.375]
		},
		"firstperson_righthand": {
			"rotation": [0, 45, 0],
			"scale": [0.4, 0.4, 0.4]
		},
		"firstperson_lefthand": {
			"rotation": [0, 225, 0],
			"scale": [0.4, 0.4, 0.4]
		},
		"ground": {
			"translation": [0, 3, 0],
			"scale": [0.25, 0.25, 0.25]
		},
		"gui": {
			"rotation": [30, 225, 0],
			"scale": [0.625, 0.625, 0.625]
		},
		"fixed": {
			"scale": [0.5, 0.5, 0.5]
		}
	}
}