{
	"credit": "Made with Blockbench",
	"textures": {
		"east": "block/tables/fletching/side",
		"south": "block/tables/fletching/front",
		"up": "block/tables/fletching/top",
		"particle": "block/birch_planks",
		"down": "block/birch_planks"
	},
	"elements": [
		{
			"name": "Cube",
			"from": [0, 0, 0],
			"to": [16, 16, 16],
			"faces": {
				"north": {"uv": [0, 0, 16, 16], "texture": "#south", "cullface": "north"},
				"east": {"uv": [0, 0, 16, 16], "texture": "#east", "cullface": "east"},
				"south": {"uv": [0, 0, 16, 16], "texture": "#south", "cullface": "south"},
				"west": {"uv": [0, 0, 16, 16], "texture": "#east", "cullface": "west"},
				"up": {"uv": [0, 0, 16, 16], "texture": "#up", "cullface": "up"},
				"down": {"uv": [0, 0, 16, 16], "texture": "#down", "cullface": "down"}
			}
		},
		{
			"name": "Cube",
			"from": [12, 10, -0.99],
			"to": [13, 13, 0.01],
			"faces": {
				"north": {"uv": [3, 3, 4, 6], "texture": "#south", "cullface": "north"},
				"east": {"uv": [3, 3, 4, 6], "texture": "#south", "cullface": "north"},
				"west": {"uv": [3, 3, 4, 6], "texture": "#south", "cullface": "north"},
				"up": {"uv": [3, 3, 4, 4], "texture": "#south", "cullface": "north"},
				"down": {"uv": [3, 5, 4, 6], "texture": "#south", "cullface": "north"}
			}
		},
		{
			"name": "Cube",
			"from": [12.99, 4, -0.99],
			"to": [13.99, 12, 0.01],
			"faces": {
				"north": {"uv": [2, 4, 3, 12], "texture": "#south", "cullface": "north"},
				"east": {"uv": [2, 4, 3, 12], "texture": "#south", "cullface": "north"},
				"west": {"uv": [2, 4, 3, 12], "texture": "#south", "cullface": "north"},
				"up": {"uv": [2, 4, 3, 5], "texture": "#south", "cullface": "north"},
				"down": {"uv": [2, 11, 3, 12], "texture": "#south", "cullface": "north"}
			}
		},
		{
			"name": "Cube",
			"from": [11, 11.99, -0.99],
			"to": [12, 13.99, 0.01],
			"faces": {
				"north": {"uv": [4, 2, 5, 4], "texture": "#south", "cullface": "north"},
				"east": {"uv": [4, 2, 5, 4], "texture": "#south", "cullface": "north"},
				"up": {"uv": [4, 2, 5, 3], "texture": "#south", "cullface": "north"},
				"down": {"uv": [4, 3, 5, 4], "texture": "#south", "cullface": "north"}
			}
		},
		{
			"name": "Cube",
			"from": [10, 1, -0.99],
			"to": [11, 13.99, 0.01],
			"faces": {
				"north": {"uv": [5, 2, 6, 15], "texture": "#south", "cullface": "north"},
				"east": {"uv": [5, 2, 6, 15], "texture": "#south", "cullface": "north"},
				"west": {"uv": [5, 2, 6, 15], "texture": "#south", "cullface": "north"},
				"up": {"uv": [5, 2, 6, 3], "texture": "#south", "cullface": "north"},
				"down": {"uv": [5, 14, 6, 15], "texture": "#south", "cullface": "north"}
			}
		},
		{
			"name": "Cube",
			"from": [11, 0.99, -0.99],
			"to": [12, 2.99, 0.01],
			"faces": {
				"north": {"uv": [4, 13, 5, 15], "texture": "#south", "cullface": "north"},
				"east": {"uv": [4, 13, 5, 15], "texture": "#south", "cullface": "north"},
				"up": {"uv": [4, 13, 5, 14], "texture": "#south", "cullface": "north"},
				"down": {"uv": [4, 14, 5, 15], "texture": "#south", "cullface": "north"}
			}
		},
		{
			"name": "Cube",
			"from": [12, 2.01, -0.99],
			"to": [13, 5.01, 0.01],
			"faces": {
				"north": {"uv": [3, 11, 4, 14], "texture": "#south", "cullface": "north"},
				"east": {"uv": [3, 11, 4, 14], "texture": "#south", "cullface": "north"},
				"west": {"uv": [3, 11, 4, 14], "texture": "#south", "cullface": "north"},
				"up": {"uv": [3, 11, 4, 12], "texture": "#south", "cullface": "north"},
				"down": {"uv": [3, 13, 4, 14], "texture": "#south", "cullface": "north"}
			}
		},
		{
			"name": "Cube",
			"from": [4, 2.01, -0.99],
			"to": [5, 13.01, 0.01],
			"faces": {
				"north": {"uv": [11, 3, 12, 14], "texture": "#south", "cullface": "north"},
				"east": {"uv": [11, 3, 12, 14], "texture": "#south", "cullface": "north"},
				"west": {"uv": [11, 3, 12, 14], "texture": "#south", "cullface": "north"},
				"up": {"uv": [11, 3, 12, 4], "texture": "#south", "cullface": "north"},
				"down": {"uv": [11, 13, 12, 14], "texture": "#south", "cullface": "north"}
			}
		},
		{
			"name": "Cube",
			"from": [3, 10.99, -0.99],
			"to": [4, 13.99, 0.01],
			"faces": {
				"north": {"uv": [12, 2, 13, 5], "texture": "#south", "cullface": "north"},
				"east": {"uv": [12, 2, 13, 5], "texture": "#south", "cullface": "north"},
				"west": {"uv": [12, 2, 13, 5], "texture": "#south", "cullface": "north"},
				"up": {"uv": [12, 2, 13, 3], "texture": "#south", "cullface": "north"},
				"down": {"uv": [12, 4, 13, 5], "texture": "#south", "cullface": "north"}
			}
		},
		{
			"name": "Cube",
			"from": [5, 10.99, -0.99],
			"to": [6, 13.99, 0.01],
			"faces": {
				"north": {"uv": [10, 2, 11, 5], "texture": "#south", "cullface": "north"},
				"east": {"uv": [10, 2, 11, 5], "texture": "#south", "cullface": "north"},
				"west": {"uv": [10, 2, 11, 5], "texture": "#south", "cullface": "north"},
				"up": {"uv": [10, 2, 11, 3], "texture": "#south", "cullface": "north"},
				"down": {"uv": [10, 4, 11, 5], "texture": "#south", "cullface": "north"}
			}
		},
		{
			"name": "Cube",
			"from": [5, 3, -0.99],
			"to": [6, 5, 0.01],
			"faces": {
				"north": {"uv": [10, 11, 11, 13], "texture": "#south", "cullface": "north"},
				"east": {"uv": [10, 11, 11, 13], "texture": "#south", "cullface": "north"},
				"up": {"uv": [10, 11, 11, 12], "texture": "#south", "cullface": "north"},
				"down": {"uv": [10, 12, 11, 13], "texture": "#south", "cullface": "north"}
			}
		},
		{
			"name": "Cube",
			"from": [3, 3, -0.99],
			"to": [4, 5, 0.01],
			"faces": {
				"north": {"uv": [12, 11, 13, 13], "texture": "#south", "cullface": "north"},
				"west": {"uv": [12, 11, 13, 13], "texture": "#south", "cullface": "north"},
				"up": {"uv": [12, 11, 13, 12], "texture": "#south", "cullface": "north"},
				"down": {"uv": [12, 12, 13, 13], "texture": "#south", "cullface": "north"}
			}
		},
		{
			"name": "Cube",
			"from": [16, 4, 7],
			"to": [17, 12, 13],
			"faces": {
				"north": {"uv": [3, 4, 4, 12], "texture": "#east", "cullface": "east"},
				"east": {"uv": [3, 4, 9, 12], "texture": "#east", "cullface": "east"},
				"south": {"uv": [8, 4, 9, 12], "texture": "#east", "cullface": "east"},
				"up": {"uv": [3, 4, 9, 5], "texture": "#east", "cullface": "east"},
				"down": {"uv": [3, 11, 9, 12], "texture": "#east", "cullface": "east"}
			}
		},
		{
			"name": "Cube",
			"from": [16.24, 10, 8],
			"to": [16.49, 11, 12],
			"faces": {
				"east": {"uv": [4, 5, 8, 6], "texture": "#east", "cullface": "east"},
				"up": {"uv": [4, 5, 8, 6], "rotation": 90, "texture": "#east", "cullface": "east"},
				"down": {"uv": [4, 5, 8, 6], "rotation": 90, "texture": "#east", "cullface": "east"}
			}
		},
		{
			"name": "Cube",
			"from": [16.24, 5, 7],
			"to": [16.49, 11, 8],
			"faces": {
				"north": {"uv": [8, 5, 9, 11], "texture": "#east", "cullface": "east"},
				"east": {"uv": [8, 5, 9, 11], "texture": "#east", "cullface": "east"},
				"south": {"uv": [8, 5, 9, 11], "texture": "#east", "cullface": "east"},
				"up": {"uv": [8, 5, 9, 6], "texture": "#east", "cullface": "east"},
				"down": {"uv": [8, 10, 9, 11], "texture": "#east", "cullface": "east"}
			}
		},
		{
			"name": "Cube",
			"from": [16, 5, 6],
			"to": [17, 11, 7],
			"faces": {
				"north": {"uv": [9, 5, 10, 11], "texture": "#east", "cullface": "east"},
				"east": {"uv": [9, 5, 10, 11], "texture": "#east", "cullface": "east"},
				"up": {"uv": [9, 5, 10, 6], "texture": "#east", "cullface": "east"},
				"down": {"uv": [9, 10, 10, 11], "texture": "#east", "cullface": "east"}
			}
		},
		{
			"name": "Cube",
			"from": [16.24, 5, 8],
			"to": [16.49, 6, 12],
			"faces": {
				"east": {"uv": [4, 10, 8, 11], "texture": "#east", "cullface": "east"},
				"up": {"uv": [4, 10, 8, 11], "rotation": 90, "texture": "#east", "cullface": "east"},
				"down": {"uv": [4, 10, 8, 11], "rotation": 90, "texture": "#east", "cullface": "east"}
			}
		},
		{
			"name": "Cube",
			"from": [16.24, 7, 9],
			"to": [16.49, 9, 11],
			"faces": {
				"north": {"uv": [6, 7, 7, 9], "texture": "#east", "cullface": "east"},
				"east": {"uv": [5, 7, 7, 9], "texture": "#east", "cullface": "east"},
				"south": {"uv": [5, 7, 6, 9], "texture": "#east", "cullface": "east"},
				"up": {"uv": [5, 7, 7, 8], "rotation": 270, "texture": "#east", "cullface": "east"},
				"down": {"uv": [5, 8, 7, 9], "rotation": 90, "texture": "#east", "cullface": "east"}
			}
		},
		{
			"name": "Cube",
			"from": [16.24, 5, 12],
			"to": [16.49, 11, 13],
			"faces": {
				"north": {"uv": [3, 5, 4, 11], "texture": "#east", "cullface": "east"},
				"east": {"uv": [3, 5, 4, 11], "texture": "#east", "cullface": "east"},
				"south": {"uv": [3, 5, 4, 11], "texture": "#east", "cullface": "east"},
				"up": {"uv": [3, 5, 4, 6], "texture": "#east", "cullface": "east"},
				"down": {"uv": [3, 10, 4, 11], "texture": "#east", "cullface": "east"}
			}
		},
		{
			"name": "Cube",
			"from": [16, 5, 12.99],
			"to": [17, 11, 13.99],
			"faces": {
				"east": {"uv": [2, 5, 3, 11], "texture": "#east", "cullface": "east"},
				"south": {"uv": [2, 5, 3, 11], "texture": "#east", "cullface": "east"},
				"up": {"uv": [2, 5, 3, 6], "texture": "#east", "cullface": "east"},
				"down": {"uv": [2, 10, 3, 11], "texture": "#east", "cullface": "east"}
			}
		},
		{
			"name": "Cube",
			"from": [15.99, 2.99, 3],
			"to": [16.99, 13.99, 4],
			"faces": {
				"north": {"uv": [12, 2, 13, 13], "texture": "#east", "cullface": "east"},
				"east": {"uv": [12, 2, 13, 13], "texture": "#east", "cullface": "east"},
				"south": {"uv": [12, 2, 13, 13], "texture": "#east", "cullface": "east"},
				"up": {"uv": [12, 2, 13, 3], "texture": "#east", "cullface": "east"},
				"down": {"uv": [12, 12, 13, 13], "texture": "#east", "cullface": "east"}
			}
		},
		{
			"name": "Cube",
			"from": [15.99, 2.01, 2.01],
			"to": [16.99, 5.01, 3.01],
			"faces": {
				"north": {"uv": [13, 11, 14, 14], "texture": "#east", "cullface": "east"},
				"east": {"uv": [13, 11, 14, 14], "texture": "#east", "cullface": "east"},
				"south": {"uv": [13, 11, 14, 14], "texture": "#east", "cullface": "east"},
				"up": {"uv": [13, 11, 14, 12], "texture": "#east", "cullface": "east"},
				"down": {"uv": [13, 13, 14, 14], "texture": "#east", "cullface": "east"}
			}
		},
		{
			"name": "Cube",
			"from": [15.99, 2.01, 4],
			"to": [16.99, 5.01, 5],
			"faces": {
				"north": {"uv": [11, 11, 12, 14], "texture": "#east", "cullface": "east"},
				"east": {"uv": [11, 11, 12, 14], "texture": "#east", "cullface": "east"},
				"south": {"uv": [11, 11, 12, 14], "texture": "#east", "cullface": "east"},
				"up": {"uv": [13, 11, 14, 12], "texture": "#east", "cullface": "east"},
				"down": {"uv": [11, 13, 12, 14], "texture": "#east", "cullface": "east"}
			}
		},
		{
			"name": "Cube",
			"from": [15.99, 11, 2.01],
			"to": [16.99, 13, 5.01],
			"faces": {
				"north": {"uv": [13, 3, 14, 5], "texture": "#east", "cullface": "east"},
				"east": {"uv": [11, 3, 14, 5], "texture": "#east", "cullface": "east"},
				"south": {"uv": [11, 3, 12, 5], "texture": "#east", "cullface": "east"},
				"up": {"uv": [11, 3, 14, 4], "rotation": 90, "texture": "#east", "cullface": "east"},
				"down": {"uv": [11, 4, 14, 5], "rotation": 270, "texture": "#east", "cullface": "east"}
			}
		},
		{
			"name": "Cube",
			"from": [5, 0.99, 15.99],
			"to": [6, 13.99, 16.99],
			"faces": {
				"east": {"uv": [5, 2, 6, 15], "texture": "#south", "cullface": "south"},
				"south": {"uv": [5, 2, 6, 15], "texture": "#south", "cullface": "south"},
				"west": {"uv": [5, 2, 6, 15], "texture": "#south", "cullface": "south"},
				"up": {"uv": [5, 2, 6, 3], "texture": "#south", "cullface": "south"},
				"down": {"uv": [5, 14, 6, 15], "texture": "#south", "cullface": "south"}
			}
		},
		{
			"name": "Cube",
			"from": [4, 11.99, 15.99],
			"to": [5, 13.99, 16.99],
			"faces": {
				"south": {"uv": [4, 2, 5, 4], "texture": "#south", "cullface": "south"},
				"west": {"uv": [4, 2, 5, 4], "texture": "#south", "cullface": "south"},
				"up": {"uv": [4, 2, 5, 3], "texture": "#south", "cullface": "south"},
				"down": {"uv": [4, 3, 5, 4], "texture": "#south", "cullface": "south"}
			}
		},
		{
			"name": "Cube",
			"from": [3, 10, 15.99],
			"to": [4, 13, 16.99],
			"faces": {
				"east": {"uv": [3, 3, 4, 6], "texture": "#south", "cullface": "south"},
				"south": {"uv": [3, 3, 4, 6], "texture": "#south", "cullface": "south"},
				"west": {"uv": [3, 3, 4, 6], "texture": "#south", "cullface": "south"},
				"up": {"uv": [3, 3, 4, 4], "texture": "#south", "cullface": "south"},
				"down": {"uv": [3, 5, 4, 6], "texture": "#south", "cullface": "south"}
			}
		},
		{
			"name": "Cube",
			"from": [2.01, 4, 15.99],
			"to": [3.01, 12, 16.99],
			"faces": {
				"east": {"uv": [2, 4, 3, 12], "texture": "#south", "cullface": "south"},
				"south": {"uv": [2, 4, 3, 12], "texture": "#south", "cullface": "south"},
				"west": {"uv": [2, 4, 3, 12], "texture": "#south", "cullface": "south"},
				"up": {"uv": [2, 4, 3, 5], "texture": "#south", "cullface": "south"},
				"down": {"uv": [2, 11, 3, 12], "texture": "#south", "cullface": "south"}
			}
		},
		{
			"name": "Cube",
			"from": [3, 2.01, 15.99],
			"to": [4, 5.01, 16.99],
			"faces": {
				"east": {"uv": [3, 11, 4, 14], "texture": "#south", "cullface": "south"},
				"south": {"uv": [3, 11, 4, 14], "texture": "#south", "cullface": "south"},
				"west": {"uv": [3, 11, 4, 14], "texture": "#south", "cullface": "south"},
				"up": {"uv": [3, 11, 4, 12], "texture": "#south", "cullface": "south"},
				"down": {"uv": [3, 13, 4, 14], "texture": "#south", "cullface": "south"}
			}
		},
		{
			"name": "Cube",
			"from": [4, 0.99, 15.99],
			"to": [5, 2.99, 16.99],
			"faces": {
				"south": {"uv": [4, 13, 5, 15], "texture": "#south", "cullface": "south"},
				"west": {"uv": [4, 13, 5, 15], "texture": "#south", "cullface": "south"},
				"up": {"uv": [4, 13, 5, 14], "texture": "#south", "cullface": "south"},
				"down": {"uv": [4, 14, 5, 15], "texture": "#south", "cullface": "south"}
			}
		},
		{
			"name": "Cube",
			"from": [10, 3, 15.99],
			"to": [11, 5, 16.99],
			"faces": {
				"south": {"uv": [10, 11, 11, 13], "texture": "#south", "cullface": "south"},
				"west": {"uv": [10, 11, 11, 13], "texture": "#south", "cullface": "south"},
				"up": {"uv": [10, 11, 11, 12], "texture": "#south", "cullface": "south"},
				"down": {"uv": [10, 12, 11, 13], "texture": "#south", "cullface": "south"}
			}
		},
		{
			"name": "Cube",
			"from": [11, 2.01, 15.99],
			"to": [12, 13.01, 16.99],
			"faces": {
				"east": {"uv": [11, 3, 12, 14], "texture": "#south", "cullface": "south"},
				"south": {"uv": [11, 3, 12, 14], "texture": "#south", "cullface": "south"},
				"west": {"uv": [11, 3, 12, 14], "texture": "#south", "cullface": "south"},
				"up": {"uv": [11, 3, 12, 4], "texture": "#south", "cullface": "south"},
				"down": {"uv": [11, 13, 12, 14], "texture": "#south", "cullface": "south"}
			}
		},
		{
			"name": "Cube",
			"from": [12, 3, 15.99],
			"to": [13, 5, 16.99],
			"faces": {
				"east": {"uv": [12, 11, 13, 13], "texture": "#south", "cullface": "south"},
				"south": {"uv": [12, 11, 13, 13], "texture": "#south", "cullface": "south"},
				"up": {"uv": [12, 11, 13, 12], "texture": "#south", "cullface": "south"},
				"down": {"uv": [12, 12, 13, 13], "texture": "#south", "cullface": "south"}
			}
		},
		{
			"name": "Cube",
			"from": [12, 10.99, 15.99],
			"to": [13, 13.99, 16.99],
			"faces": {
				"east": {"uv": [12, 2, 13, 5], "texture": "#south", "cullface": "south"},
				"south": {"uv": [12, 2, 13, 5], "texture": "#south", "cullface": "south"},
				"west": {"uv": [12, 2, 13, 5], "texture": "#south", "cullface": "south"},
				"up": {"uv": [12, 2, 13, 3], "texture": "#south", "cullface": "south"},
				"down": {"uv": [12, 4, 13, 5], "texture": "#south", "cullface": "south"}
			}
		},
		{
			"name": "Cube",
			"from": [10, 10.99, 15.99],
			"to": [11, 13.99, 16.99],
			"faces": {
				"east": {"uv": [10, 2, 11, 5], "texture": "#south", "cullface": "south"},
				"south": {"uv": [10, 2, 11, 5], "texture": "#south", "cullface": "south"},
				"west": {"uv": [10, 2, 11, 5], "texture": "#south", "cullface": "south"},
				"up": {"uv": [10, 2, 11, 3], "texture": "#south", "cullface": "south"},
				"down": {"uv": [10, 4, 11, 5], "texture": "#south", "cullface": "south"}
			}
		},
		{
			"name": "Cube",
			"from": [-1, 5, 9],
			"to": [0, 11, 10],
			"faces": {
				"south": {"uv": [9, 5, 10, 11], "texture": "#east", "cullface": "west"},
				"west": {"uv": [9, 5, 10, 11], "texture": "#east", "cullface": "west"},
				"up": {"uv": [9, 5, 10, 6], "texture": "#east", "cullface": "west"},
				"down": {"uv": [9, 10, 10, 11], "texture": "#east", "cullface": "west"}
			}
		},
		{
			"name": "Cube",
			"from": [-1, 5, 2.01],
			"to": [0.25, 11, 3.01],
			"faces": {
				"north": {"uv": [2, 5, 3, 11], "texture": "#east", "cullface": "west"},
				"west": {"uv": [2, 5, 3, 11], "texture": "#east", "cullface": "west"},
				"up": {"uv": [2, 5, 3, 6], "texture": "#east", "cullface": "west"},
				"down": {"uv": [2, 10, 3, 11], "texture": "#east", "cullface": "west"}
			}
		},
		{
			"name": "Cube",
			"from": [-1, 4, 3],
			"to": [0, 12, 9],
			"faces": {
				"north": {"uv": [3, 4, 4, 12], "texture": "#east", "cullface": "west"},
				"south": {"uv": [8, 4, 9, 12], "texture": "#east", "cullface": "west"},
				"west": {"uv": [3, 4, 9, 12], "texture": "#east", "cullface": "west"},
				"up": {"uv": [3, 4, 9, 5], "rotation": 90, "texture": "#east", "cullface": "west"},
				"down": {"uv": [3, 11, 9, 12], "rotation": 270, "texture": "#east", "cullface": "west"}
			}
		},
		{
			"name": "Cube",
			"from": [-0.49, 10, 4],
			"to": [-0.24, 11, 8],
			"faces": {
				"west": {"uv": [4, 5, 8, 6], "texture": "#east", "cullface": "west"},
				"up": {"uv": [4, 5, 8, 6], "rotation": 90, "texture": "#east", "cullface": "west"},
				"down": {"uv": [4, 5, 8, 6], "rotation": 90, "texture": "#east", "cullface": "west"}
			}
		},
		{
			"name": "Cube",
			"from": [-0.49, 5, 3],
			"to": [-0.24, 11, 4],
			"faces": {
				"north": {"uv": [3, 5, 4, 11], "texture": "#east", "cullface": "west"},
				"south": {"uv": [3, 5, 4, 11], "texture": "#east", "cullface": "west"},
				"west": {"uv": [3, 5, 4, 11], "texture": "#east", "cullface": "west"},
				"up": {"uv": [3, 5, 4, 6], "texture": "#east", "cullface": "west"},
				"down": {"uv": [3, 10, 4, 11], "texture": "#east", "cullface": "west"}
			}
		},
		{
			"name": "Cube",
			"from": [-0.49, 7, 5],
			"to": [-0.24, 9, 7],
			"faces": {
				"north": {"uv": [5, 7, 6, 9], "texture": "#east", "cullface": "west"},
				"south": {"uv": [6, 7, 7, 9], "texture": "#east", "cullface": "west"},
				"west": {"uv": [5, 7, 7, 9], "texture": "#east", "cullface": "west"},
				"up": {"uv": [5, 7, 7, 8], "rotation": 90, "texture": "#east", "cullface": "west"},
				"down": {"uv": [5, 8, 7, 9], "rotation": 270, "texture": "#east", "cullface": "west"}
			}
		},
		{
			"name": "Cube",
			"from": [-0.49, 5, 4],
			"to": [-0.24, 6, 8],
			"faces": {
				"west": {"uv": [4, 10, 8, 11], "texture": "#east", "cullface": "west"},
				"up": {"uv": [4, 10, 8, 11], "rotation": 90, "texture": "#east", "cullface": "west"},
				"down": {"uv": [4, 10, 8, 11], "rotation": 90, "texture": "#east", "cullface": "west"}
			}
		},
		{
			"name": "Cube",
			"from": [-0.49, 5, 8],
			"to": [-0.24, 11, 9],
			"faces": {
				"north": {"uv": [8, 5, 9, 11], "texture": "#east", "cullface": "west"},
				"south": {"uv": [8, 5, 9, 11], "texture": "#east", "cullface": "west"},
				"west": {"uv": [8, 5, 9, 11], "texture": "#east", "cullface": "west"},
				"up": {"uv": [8, 5, 9, 6], "texture": "#east", "cullface": "west"},
				"down": {"uv": [8, 10, 9, 11], "texture": "#east", "cullface": "west"}
			}
		},
		{
			"name": "Cube",
			"from": [-0.99, 2.99, 12],
			"to": [0.01, 13.99, 13],
			"faces": {
				"north": {"uv": [12, 2, 13, 13], "texture": "#east", "cullface": "west"},
				"south": {"uv": [12, 2, 13, 13], "texture": "#east", "cullface": "west"},
				"west": {"uv": [12, 2, 13, 13], "texture": "#east", "cullface": "west"},
				"up": {"uv": [12, 2, 13, 3], "texture": "#east", "cullface": "west"},
				"down": {"uv": [12, 12, 13, 13], "texture": "#east", "cullface": "west"}
			}
		},
		{
			"name": "Cube",
			"from": [-0.99, 11, 10.99],
			"to": [0.01, 13, 13.99],
			"faces": {
				"north": {"uv": [11, 3, 12, 5], "texture": "#east", "cullface": "west"},
				"south": {"uv": [13, 3, 14, 5], "texture": "#east", "cullface": "west"},
				"west": {"uv": [11, 3, 14, 5], "texture": "#east", "cullface": "west"},
				"up": {"uv": [11, 3, 14, 4], "rotation": 90, "texture": "#east", "cullface": "west"},
				"down": {"uv": [11, 4, 14, 5], "rotation": 270, "texture": "#east", "cullface": "west"}
			}
		},
		{
			"name": "Cube",
			"from": [-0.99, 2.01, 11],
			"to": [0.01, 5.01, 12],
			"faces": {
				"north": {"uv": [11, 11, 12, 14], "texture": "#east", "cullface": "west"},
				"south": {"uv": [11, 11, 12, 14], "texture": "#east", "cullface": "west"},
				"west": {"uv": [11, 11, 12, 14], "texture": "#east", "cullface": "west"},
				"up": {"uv": [11, 11, 12, 12], "texture": "#east", "cullface": "west"},
				"down": {"uv": [11, 13, 12, 14], "texture": "#east", "cullface": "west"}
			}
		},
		{
			"name": "Cube",
			"from": [-0.99, 2.01, 12.99],
			"to": [0.01, 5.01, 13.99],
			"faces": {
				"north": {"uv": [13, 11, 14, 14], "texture": "#east", "cullface": "west"},
				"south": {"uv": [13, 11, 14, 14], "texture": "#east", "cullface": "west"},
				"west": {"uv": [13, 11, 14, 14], "texture": "#east", "cullface": "west"},
				"up": {"uv": [13, 11, 14, 12], "texture": "#east", "cullface": "west"},
				"down": {"uv": [13, 13, 14, 14], "texture": "#east", "cullface": "west"}
			}
		},
		{
			"from": [2, 16, 4],
			"to": [3, 16.25, 10],
			"faces": {
				"north": {"uv": [2, 4, 3, 5], "texture": "#up", "cullface": "up"},
				"south": {"uv": [2, 9, 3, 10], "texture": "#up", "cullface": "up"},
				"west": {"uv": [2, 4, 3, 10], "rotation": 270, "texture": "#up", "cullface": "up"},
				"up": {"uv": [2, 4, 3, 10], "texture": "#up", "cullface": "up"}
			}
		},
		{
			"from": [4, 16, 11],
			"to": [5, 16.25, 12],
			"faces": {
				"north": {"uv": [4, 11, 5, 12], "texture": "#up", "cullface": "up"},
				"east": {"uv": [4, 11, 5, 12], "texture": "#up", "cullface": "up"},
				"south": {"uv": [4, 11, 5, 12], "texture": "#up", "cullface": "up"},
				"west": {"uv": [4, 11, 5, 12], "texture": "#up", "cullface": "up"},
				"up": {"uv": [4, 11, 5, 12], "texture": "#up", "cullface": "up"}
			}
		},
		{
			"from": [4, 16, 3],
			"to": [5, 16.25, 10],
			"faces": {
				"north": {"uv": [4, 3, 5, 4], "texture": "#up", "cullface": "up"},
				"east": {"uv": [4, 3, 5, 10], "rotation": 270, "texture": "#up", "cullface": "up"},
				"south": {"uv": [4, 9, 5, 10], "texture": "#up", "cullface": "up"},
				"up": {"uv": [4, 3, 5, 10], "texture": "#up", "cullface": "up"}
			}
		},
		{
			"from": [3, 16, 2],
			"to": [4, 16.25, 11],
			"faces": {
				"north": {"uv": [3, 2, 4, 3], "texture": "#up", "cullface": "up"},
				"east": {"uv": [3, 2, 4, 11], "rotation": 90, "texture": "#up", "cullface": "up"},
				"south": {"uv": [3, 10, 4, 11], "texture": "#up", "cullface": "up"},
				"west": {"uv": [3, 2, 4, 11], "rotation": 270, "texture": "#up", "cullface": "up"},
				"up": {"uv": [3, 2, 4, 11], "texture": "#up", "cullface": "up"}
			}
		},
		{
			"from": [9, 16, 12],
			"to": [10, 16.25, 14],
			"faces": {
				"north": {"uv": [9, 12, 10, 13], "texture": "#up", "cullface": "up"},
				"east": {"uv": [9, 12, 10, 14], "texture": "#up", "cullface": "up"},
				"south": {"uv": [9, 13, 10, 14], "texture": "#up", "cullface": "up"},
				"west": {"uv": [9, 12, 10, 14], "texture": "#up", "cullface": "up"},
				"up": {"uv": [9, 12, 10, 14], "texture": "#up", "cullface": "up"}
			}
		},
		{
			"from": [10, 16, 11],
			"to": [11, 16.25, 13],
			"faces": {
				"north": {"uv": [10, 11, 11, 12], "texture": "#up", "cullface": "up"},
				"east": {"uv": [10, 11, 11, 13], "texture": "#up", "cullface": "up"},
				"south": {"uv": [10, 12, 11, 13], "texture": "#up", "cullface": "up"},
				"west": {"uv": [10, 11, 11, 13], "texture": "#up", "cullface": "up"},
				"up": {"uv": [10, 11, 11, 13], "texture": "#up", "cullface": "up"}
			}
		},
		{
			"from": [11, 16, 10],
			"to": [12, 16.25, 12],
			"faces": {
				"north": {"uv": [11, 10, 12, 11], "texture": "#up", "cullface": "up"},
				"east": {"uv": [11, 10, 12, 12], "texture": "#up", "cullface": "up"},
				"south": {"uv": [11, 11, 12, 12], "texture": "#up", "cullface": "up"},
				"west": {"uv": [11, 10, 12, 12], "texture": "#up", "cullface": "up"},
				"up": {"uv": [11, 10, 12, 12], "texture": "#up", "cullface": "up"}
			}
		},
		{
			"from": [12, 16, 9],
			"to": [13, 16.25, 11],
			"faces": {
				"north": {"uv": [12, 9, 13, 10], "texture": "#up", "cullface": "up"},
				"east": {"uv": [12, 9, 13, 11], "texture": "#up", "cullface": "up"},
				"south": {"uv": [12, 10, 13, 11], "texture": "#up", "cullface": "up"},
				"west": {"uv": [12, 9, 13, 11], "texture": "#up", "cullface": "up"},
				"up": {"uv": [12, 9, 13, 11], "texture": "#up", "cullface": "up"}
			}
		},
		{
			"from": [13, 16, 8],
			"to": [14, 16.25, 10],
			"faces": {
				"north": {"uv": [13, 8, 14, 9], "texture": "#up", "cullface": "up"},
				"east": {"uv": [13, 8, 14, 10], "texture": "#up", "cullface": "up"},
				"south": {"uv": [13, 9, 14, 10], "texture": "#up", "cullface": "up"},
				"west": {"uv": [13, 8, 14, 10], "texture": "#up", "cullface": "up"},
				"up": {"uv": [13, 8, 14, 10], "texture": "#up", "cullface": "up"}
			}
		},
		{
			"from": [14, 16, 8],
			"to": [15, 16.25, 9],
			"faces": {
				"north": {"uv": [14, 8, 15, 9], "texture": "#up", "cullface": "up"},
				"east": {"uv": [14, 8, 15, 9], "texture": "#up", "cullface": "up"},
				"south": {"uv": [14, 8, 15, 9], "texture": "#up", "cullface": "up"},
				"up": {"uv": [14, 8, 15, 9], "texture": "#up", "cullface": "up"}
			}
		},
		{
			"from": [-0.6, 8, 16],
			"to": [16.58, 9, 16.6],
			"faces": {
				"north": {"uv": [0, 7, 16, 8], "texture": "#south"},
				"east": {"uv": [0, 7, 1, 8], "texture": "#south"},
				"south": {"uv": [0, 7, 16, 8], "texture": "#south"},
				"west": {"uv": [0, 7, 1, 8], "texture": "#south"},
				"up": {"uv": [0, 7, 16, 8], "texture": "#south"},
				"down": {"uv": [0, 7, 16, 8], "texture": "#south"}
			}
		},
		{
			"from": [-0.6, 8, 0],
			"to": [0, 9, 16],
			"faces": {
				"north": {"uv": [0, 7, 0.6, 8], "texture": "#east"},
				"east": {"uv": [0, 0, 16, 1], "texture": "#missing"},
				"south": {"uv": [15, 7, 15.6, 8], "texture": "#east"},
				"west": {"uv": [0, 7, 16, 8], "texture": "#east"},
				"up": {"uv": [1, 7, 2, 8], "texture": "#east"},
				"down": {"uv": [0, 7, 1, 8], "texture": "#south"}
			}
		},
		{
			"from": [-0.6, 8, -0.6],
			"to": [16.58, 9, 0],
			"faces": {
				"north": {"uv": [0, 7, 16, 8], "texture": "#south"},
				"east": {"uv": [1, 7, 2, 8], "texture": "#south"},
				"south": {"uv": [0, 7, 16, 8], "texture": "#south"},
				"west": {"uv": [0, 7, 1, 8], "texture": "#south"},
				"up": {"uv": [0, 7, 16, 8], "texture": "#south"},
				"down": {"uv": [0, 7, 16, 8], "texture": "#south"}
			}
		},
		{
			"from": [16, 8, 0],
			"to": [16.6, 9, 16],
			"faces": {
				"north": {"uv": [15, 7, 15.6, 8], "texture": "#east"},
				"east": {"uv": [0, 7, 16, 8], "texture": "#east"},
				"south": {"uv": [0, 7, 0.6, 8], "texture": "#east"},
				"west": {"uv": [0, 0, 16, 1], "texture": "#missing"},
				"up": {"uv": [1, 7, 2, 8], "texture": "#east"},
				"down": {"uv": [0, 7, 1, 8], "texture": "#east"}
			}
		}
	],
	"display": {
		"thirdperson_righthand": {
			"rotation": [75, 45, 0],
			"translation": [0, 2.5, 0],
			"scale": [0.375, 0.375, 0.375]
		},
		"thirdperson_lefthand": {
			"rotation": [75, 45, 0],
			"translation": [0, 2.5, 0],
			"scale": [0.375, 0.375, 0.375]
		},
		"firstperson_righthand": {
			"rotation": [0, 45, 0],
			"scale": [0.4, 0.4, 0.4]
		},
		"firstperson_lefthand": {
			"rotation": [0, 225, 0],
			"scale": [0.4, 0.4, 0.4]
		},
		"ground": {
			"translation": [0, 3, 0],
			"scale": [0.25, 0.25, 0.25]
		},
		"gui": {
			"rotation": [30, 225, 0],
			"scale": [0.625, 0.625, 0.625]
		},
		"fixed": {
			"scale": [0.5, 0.5, 0.5]
		}
	},
	"groups": [0,
		{
			"name": "north",
			"origin": [8, 8, 8],
			"color": 0,
			"children": [
				{
					"name": "bow",
					"origin": [8, 8, 8],
					"color": 0,
					"children": [1, 2, 3, 4, 5, 6]
				},
				{
					"name": "arrow",
					"origin": [8, 8, 8],
					"color": 0,
					"children": [7, 8, 9, 10, 11]
				}
			]
		},
		{
			"name": "east",
			"origin": [8, 8, 8],
			"color": 0,
			"children": [
				{
					"name": "target",
					"origin": [8, 8, 8],
					"color": 0,
					"children": [12, 13, 14, 15, 16, 17, 18, 19]
				},
				{
					"name": "arrow",
					"origin": [8, 8, 8],
					"color": 0,
					"children": [20, 21, 22, 23]
				}
			]
		},
		{
			"name": "south",
			"origin": [8, 8, 8],
			"color": 0,
			"children": [
				{
					"name": "bow",
					"origin": [8, 8, 8],
					"color": 0,
					"children": [24, 25, 26, 27, 28, 29]
				},
				{
					"name": "arrow",
					"origin": [8, 8, 8],
					"color": 0,
					"children": [30, 31, 32, 33, 34]
				}
			]
		},
		{
			"name": "west",
			"origin": [8, 8, 8],
			"color": 0,
			"children": [
				{
					"name": "target",
					"origin": [8, 8, 8],
					"color": 0,
					"children": [35, 36, 37, 38, 39, 40, 41, 42]
				},
				{
					"name": "arrow",
					"origin": [8, 8, 8],
					"color": 0,
					"children": [43, 44, 45, 46]
				}
			]
		},
		{
			"name": "top",
			"origin": [8, 8, 8],
			"color": 0,
			"children": [47, 48, 49, 50, 51, 52, 53, 54, 55, 56]
		},
		{
			"name": "template_planks",
			"origin": [8, 8, 8],
			"color": 0,
			"children": []
		}, 57, 58, 59, 60]
}