{
	"credit": "Made with Blockbench",
	"parent": "block/block",
	"textures": {
		"particle": "block/furnaces/normal/off/furnace_top",
		"top": "block/furnaces/normal/off/furnace_top",
		"side": "block/furnaces/normal/off/furnace_side",
		"front": "block/furnaces/normal/off/furnace_front",
		"coal": "block/furnaces/normal/off/furnace_front"
	},
	"elements": [
		{
			"name": "Box1",
			"from": [2, 1, 2],
			"to": [14, 2, 14],
			"faces": {
				"north": {"uv": [2, 14, 14, 15], "texture": "#top"},
				"east": {"uv": [2, 14, 14, 15], "texture": "#top"},
				"south": {"uv": [2, 14, 14, 15], "texture": "#top"},
				"west": {"uv": [2, 14, 14, 15], "texture": "#top"},
				"up": {"uv": [2, 2, 14, 14], "texture": "#top"},
				"down": {"uv": [2, 2, 14, 14], "texture": "#top"}
			}
		},
		{
			"name": "Box2",
			"from": [1, 0, 0],
			"to": [15, 1, 1],
			"faces": {
				"north": {"uv": [1, 15, 15, 16], "texture": "#side"},
				"east": {"uv": [15, 15, 16, 16], "texture": "#side"},
				"south": {"uv": [1, 15, 15, 16], "texture": "#side"},
				"west": {"uv": [0, 15, 1, 16], "texture": "#side"},
				"up": {"uv": [1, 0, 15, 1], "texture": "#side"},
				"down": {"uv": [1, 15, 15, 16], "texture": "#side"}
			}
		},
		{
			"name": "Box3",
			"from": [0, 0, 1],
			"to": [1, 1, 15],
			"faces": {
				"north": {"uv": [15, 15, 16, 16], "texture": "#side"},
				"east": {"uv": [1, 15, 15, 16], "texture": "#side"},
				"south": {"uv": [0, 15, 1, 16], "texture": "#side"},
				"west": {"uv": [1, 15, 15, 16], "texture": "#side"},
				"up": {"uv": [0, 1, 1, 15], "texture": "#side"},
				"down": {"uv": [0, 1, 1, 15], "texture": "#side"}
			}
		},
		{
			"name": "Box5",
			"from": [15, 0, 1],
			"to": [16, 1, 15],
			"faces": {
				"north": {"uv": [0, 15, 1, 16], "texture": "#side"},
				"east": {"uv": [1, 15, 15, 16], "texture": "#side"},
				"south": {"uv": [15, 15, 16, 16], "texture": "#side"},
				"west": {"uv": [1, 15, 15, 16], "texture": "#side"},
				"up": {"uv": [15, 1, 16, 15], "texture": "#side"},
				"down": {"uv": [15, 1, 16, 15], "texture": "#side"}
			}
		},
		{
			"name": "Box6",
			"from": [0, 0, 0],
			"to": [1, 16, 1],
			"faces": {
				"north": {"uv": [15, 0, 16, 16], "texture": "#side"},
				"east": {"uv": [15, 0, 16, 16], "texture": "#side"},
				"south": {"uv": [0, 0, 1, 16], "texture": "#side"},
				"west": {"uv": [0, 0, 1, 16], "texture": "#side"},
				"up": {"uv": [0, 0, 1, 1], "texture": "#top"},
				"down": {"uv": [0, 15, 1, 16], "texture": "#side"}
			}
		},
		{
			"name": "Box7",
			"from": [15, 0, 15],
			"to": [16, 16, 16],
			"faces": {
				"north": {"uv": [0, 0, 1, 16], "texture": "#side"},
				"east": {"uv": [0, 0, 1, 16], "texture": "#side"},
				"south": {"uv": [15, 0, 16, 16], "texture": "#side"},
				"west": {"uv": [15, 0, 16, 16], "texture": "#side"},
				"up": {"uv": [15, 15, 16, 16], "texture": "#top"},
				"down": {"uv": [15, 0, 16, 1], "texture": "#side"}
			}
		},
		{
			"name": "Box8",
			"from": [15, 0, 0],
			"to": [16, 16, 1],
			"faces": {
				"north": {"uv": [0, 0, 1, 16], "texture": "#side"},
				"east": {"uv": [15, 0, 16, 16], "texture": "#side"},
				"south": {"uv": [15, 0, 16, 16], "texture": "#side"},
				"west": {"uv": [0, 0, 1, 16], "texture": "#side"},
				"up": {"uv": [15, 0, 16, 1], "texture": "#top"},
				"down": {"uv": [15, 15, 16, 16], "texture": "#side"}
			}
		},
		{
			"name": "Box10",
			"from": [1, 0, 15],
			"to": [15, 1, 16],
			"faces": {
				"north": {"uv": [1, 15, 15, 16], "texture": "#side"},
				"east": {"uv": [0, 15, 1, 16], "texture": "#texture"},
				"south": {"uv": [1, 15, 15, 16], "texture": "#side"},
				"west": {"uv": [15, 15, 16, 16], "texture": "#texture"},
				"up": {"uv": [1, 15, 15, 16], "texture": "#side"},
				"down": {"uv": [1, 0, 15, 1], "texture": "#side"}
			}
		},
		{
			"name": "Box11",
			"from": [0, 0, 15],
			"to": [1, 16, 16],
			"faces": {
				"north": {"uv": [15, 0, 16, 16], "texture": "#side"},
				"east": {"uv": [0, 0, 1, 16], "texture": "#side"},
				"south": {"uv": [0, 0, 1, 16], "texture": "#side"},
				"west": {"uv": [15, 0, 16, 16], "texture": "#side"},
				"up": {"uv": [0, 15, 1, 16], "texture": "#top"},
				"down": {"uv": [0, 0, 1, 1], "texture": "#side"}
			}
		},
		{
			"name": "Box12",
			"from": [1, 1, 1],
			"to": [2, 15, 15],
			"faces": {
				"north": {"uv": [14, 1, 15, 15], "texture": "#front"},
				"east": {"uv": [1, 1, 15, 15], "texture": "#side"},
				"south": {"uv": [1, 1, 2, 15], "texture": "#side"},
				"west": {"uv": [1, 1, 15, 15], "texture": "#side"},
				"up": {"uv": [1, 1, 2, 15], "texture": "#side"},
				"down": {"uv": [1, 1, 2, 15], "texture": "#side"}
			}
		},
		{
			"name": "Box14",
			"from": [14, 1, 1],
			"to": [15, 15, 15],
			"faces": {
				"north": {"uv": [1, 1, 2, 15], "texture": "#front"},
				"east": {"uv": [1, 1, 15, 15], "texture": "#side"},
				"south": {"uv": [14, 1, 15, 15], "texture": "#side"},
				"west": {"uv": [1, 1, 15, 15], "texture": "#side"},
				"up": {"uv": [14, 1, 15, 15], "texture": "#side"},
				"down": {"uv": [14, 1, 15, 15], "texture": "#side"}
			}
		},
		{
			"name": "Box15",
			"from": [2, 1, 14],
			"to": [14, 15, 15],
			"faces": {
				"north": {"uv": [2, 1, 14, 15], "texture": "#side"},
				"east": {"uv": [1, 1, 2, 15], "texture": "#side"},
				"south": {"uv": [2, 1, 14, 15], "texture": "#side"},
				"west": {"uv": [14, 1, 15, 15], "texture": "#side"},
				"up": {"uv": [1, 14, 15, 15], "texture": "#side"},
				"down": {"uv": [2, 1, 14, 2], "texture": "#side"}
			}
		},
		{
			"name": "Box16",
			"from": [1, 15, 0],
			"to": [15, 16, 1],
			"faces": {
				"north": {"uv": [1, 0, 15, 1], "texture": "#front"},
				"east": {"uv": [15, 0, 16, 1], "texture": "#texture"},
				"south": {"uv": [1, 0, 15, 1], "texture": "#top"},
				"west": {"uv": [0, 0, 1, 1], "texture": "#texture"},
				"up": {"uv": [1, 0, 15, 1], "texture": "#top"},
				"down": {"uv": [1, 15, 15, 16], "texture": "#front"}
			}
		},
		{
			"name": "Box17",
			"from": [0, 15, 1],
			"to": [1, 16, 15],
			"faces": {
				"north": {"uv": [15, 0, 16, 1], "texture": "#texture"},
				"east": {"uv": [1, 0, 15, 1], "texture": "#top"},
				"south": {"uv": [0, 0, 1, 1], "texture": "#top"},
				"west": {"uv": [1, 0, 15, 1], "texture": "#side"},
				"up": {"uv": [0, 1, 1, 15], "texture": "#top"},
				"down": {"uv": [0, 1, 1, 15], "texture": "#side"}
			}
		},
		{
			"name": "Box18",
			"from": [15, 15, 1],
			"to": [16, 16, 15],
			"faces": {
				"north": {"uv": [0, 0, 1, 1], "texture": "#texture"},
				"east": {"uv": [1, 0, 15, 1], "texture": "#side"},
				"south": {"uv": [15, 0, 16, 1], "texture": "#texture"},
				"west": {"uv": [1, 0, 15, 1], "texture": "#top"},
				"up": {"uv": [15, 1, 16, 15], "texture": "#top"},
				"down": {"uv": [15, 1, 16, 15], "texture": "#side"}
			}
		},
		{
			"name": "Box19",
			"from": [1, 15, 15],
			"to": [15, 16, 16],
			"faces": {
				"north": {"uv": [1, 0, 15, 1], "texture": "#top"},
				"east": {"uv": [0, 0, 1, 1], "texture": "#top"},
				"south": {"uv": [1, 0, 15, 1], "texture": "#side"},
				"west": {"uv": [15, 0, 16, 1], "texture": "#top"},
				"up": {"uv": [1, 15, 15, 16], "texture": "#top"},
				"down": {"uv": [1, 0, 15, 1], "texture": "#side"}
			}
		},
		{
			"name": "Box20",
			"from": [2, 14, 2],
			"to": [14, 15, 14],
			"faces": {
				"north": {"uv": [2, 1, 14, 2], "texture": "#top"},
				"east": {"uv": [2, 1, 14, 2], "texture": "#top"},
				"south": {"uv": [2, 1, 14, 2], "texture": "#top"},
				"west": {"uv": [2, 1, 14, 2], "texture": "#top"},
				"up": {"uv": [2, 2, 14, 14], "texture": "#top"},
				"down": {"uv": [2, 2, 14, 14], "texture": "#top"}
			}
		},
		{
			"name": "Box21",
			"from": [2, 13, 1],
			"to": [14, 15, 2],
			"faces": {
				"north": {"uv": [2, 1, 14, 3], "texture": "#front"},
				"east": {"uv": [14, 1, 15, 3], "texture": "#top"},
				"south": {"uv": [2, 1, 14, 3], "texture": "#top"},
				"west": {"uv": [1, 1, 2, 3], "texture": "#top"},
				"up": {"uv": [2, 1, 14, 2], "texture": "#top"},
				"down": {"uv": [2, 14, 14, 15], "texture": "#top"}
			}
		},
		{
			"name": "Box23",
			"from": [11, 12, 1],
			"to": [14, 13, 13.97599],
			"faces": {
				"north": {"uv": [2, 3, 5, 4], "texture": "#front"},
				"east": {"uv": [2.02401, 3, 15, 4], "texture": "#top"},
				"south": {"uv": [11, 3, 14, 4], "texture": "#top"},
				"west": {"uv": [1, 3, 13.97599, 4], "texture": "#top"},
				"up": {"uv": [11, 1, 14, 13.97599], "texture": "#top"},
				"down": {"uv": [11, 2.02401, 14, 15], "texture": "#top"}
			}
		},
		{
			"name": "Box24",
			"from": [13, 1, 1],
			"to": [14, 12, 13.97599],
			"faces": {
				"north": {"uv": [2, 4, 3, 15], "texture": "#front"},
				"east": {"uv": [2.02401, 4, 15, 15], "texture": "#top"},
				"south": {"uv": [13, 4, 14, 15], "texture": "#top"},
				"west": {"uv": [1, 4, 13.97599, 15], "texture": "#top"},
				"up": {"uv": [13, 1, 14, 13.97599], "texture": "#top"},
				"down": {"uv": [13, 2.02401, 14, 15], "texture": "#top"}
			}
		},
		{
			"name": "Box25",
			"from": [2, 1, 1],
			"to": [3, 12, 13.97599],
			"faces": {
				"north": {"uv": [13, 4, 14, 15], "texture": "#front"},
				"east": {"uv": [2.02401, 4, 15, 15], "texture": "#top"},
				"south": {"uv": [2, 4, 3, 15], "texture": "#top"},
				"west": {"uv": [1, 4, 13.97599, 15], "texture": "#top"},
				"up": {"uv": [2, 1, 3, 13.97599], "texture": "#top"},
				"down": {"uv": [2, 2.02401, 3, 15], "texture": "#top"}
			}
		},
		{
			"name": "Box26",
			"from": [3, 1, 1],
			"to": [13, 2, 2],
			"faces": {
				"north": {"uv": [3, 14, 13, 15], "texture": "#top"},
				"east": {"uv": [14, 14, 15, 15], "texture": "#top"},
				"south": {"uv": [3, 14, 13, 15], "texture": "#top"},
				"west": {"uv": [1, 14, 2, 15], "texture": "#top"},
				"up": {"uv": [3, 14, 13, 15], "texture": "#top"},
				"down": {"uv": [3, 14, 13, 15], "texture": "#top"}
			}
		},
		{
			"name": "Box27",
			"from": [2, 12, 1],
			"to": [5, 13, 13.97599],
			"faces": {
				"north": {"uv": [11, 3, 14, 4], "texture": "#front"},
				"east": {"uv": [2.02401, 3, 15, 4], "texture": "#top"},
				"south": {"uv": [2, 3, 5, 4], "texture": "#top"},
				"west": {"uv": [1, 3, 13.97599, 4], "texture": "#top"},
				"up": {"uv": [2, 1, 5, 13.97599], "texture": "#top"},
				"down": {"uv": [2, 2.02401, 5, 15], "texture": "#top"}
			}
		},
		{
			"name": "Box28",
			"from": [3, 5, 1],
			"to": [13, 9, 13.97599],
			"faces": {
				"north": {"uv": [3, 7, 13, 11], "texture": "#front"},
				"east": {"uv": [2.02401, 7, 15, 11], "texture": "#top"},
				"south": {"uv": [3, 7, 13, 11], "texture": "#top"},
				"west": {"uv": [1, 7, 13.97599, 11], "texture": "#top"},
				"up": {"uv": [3, 1, 13, 13.97599], "texture": "#top"},
				"down": {"uv": [3, 2.02401, 13, 15], "texture": "#top"}
			}
		},
		{
			"name": "Box29",
			"from": [12, 3, 1],
			"to": [13, 5, 13.97599],
			"faces": {
				"north": {"uv": [3, 11, 4, 13], "texture": "#front"},
				"east": {"uv": [2.02401, 11, 15, 13], "texture": "#top"},
				"south": {"uv": [12, 11, 13, 13], "texture": "#top"},
				"west": {"uv": [1, 11, 13.97599, 13], "texture": "#top"},
				"up": {"uv": [12, 1, 13, 13.97599], "texture": "#top"},
				"down": {"uv": [12, 2.02401, 13, 15], "texture": "#top"}
			}
		},
		{
			"name": "Box30",
			"from": [3, 3, 1],
			"to": [4, 5, 13.97599],
			"faces": {
				"north": {"uv": [12, 11, 13, 13], "texture": "#front"},
				"east": {"uv": [2.02401, 11, 15, 13], "texture": "#top"},
				"south": {"uv": [3, 11, 4, 13], "texture": "#top"},
				"west": {"uv": [1, 11, 13.97599, 13], "texture": "#top"},
				"up": {"uv": [3, 1, 4, 13.97599], "texture": "#top"},
				"down": {"uv": [3, 2.02401, 4, 15], "texture": "#top"}
			}
		},
		{
			"name": "Box31",
			"from": [11, 4, 1],
			"to": [12, 5, 13.97599],
			"faces": {
				"north": {"uv": [4, 11, 5, 12], "texture": "#front"},
				"east": {"uv": [2.02401, 11, 15, 12], "texture": "#top"},
				"south": {"uv": [11, 11, 12, 12], "texture": "#top"},
				"west": {"uv": [1, 11, 13.97599, 12], "texture": "#top"},
				"up": {"uv": [11, 1, 12, 13.97599], "texture": "#top"},
				"down": {"uv": [11, 2.02401, 12, 15], "texture": "#top"}
			}
		},
		{
			"name": "Box32",
			"from": [4, 4, 1],
			"to": [5, 5, 13.97599],
			"faces": {
				"north": {"uv": [11, 11, 12, 12], "texture": "#front"},
				"east": {"uv": [2.02401, 11, 15, 12], "texture": "#top"},
				"south": {"uv": [4, 11, 5, 12], "texture": "#top"},
				"west": {"uv": [1, 11, 13.97599, 12], "texture": "#top"},
				"up": {"uv": [4, 1, 5, 13.97599], "texture": "#top"},
				"down": {"uv": [4, 2.02401, 5, 15], "texture": "#top"}
			}
		},
		{
			"name": "Box33",
			"from": [12, 11, 1],
			"to": [13, 12, 13.97599],
			"faces": {
				"north": {"uv": [3, 4, 4, 5], "texture": "#front"},
				"east": {"uv": [2.02401, 4, 15, 5], "texture": "#top"},
				"south": {"uv": [12, 4, 13, 5], "texture": "#top"},
				"west": {"uv": [1, 4, 13.97599, 5], "texture": "#top"},
				"up": {"uv": [12, 1, 13, 13.97599], "texture": "#top"},
				"down": {"uv": [12, 2.02401, 13, 15], "texture": "#top"}
			}
		},
		{
			"name": "Box34",
			"from": [3, 11, 1],
			"to": [4, 12, 13.97599],
			"faces": {
				"north": {"uv": [12, 4, 13, 5], "texture": "#front"},
				"east": {"uv": [2.02401, 4, 15, 5], "texture": "#top"},
				"south": {"uv": [3, 4, 4, 5], "texture": "#top"},
				"west": {"uv": [1, 4, 13.97599, 5], "texture": "#top"},
				"up": {"uv": [3, 1, 4, 13.97599], "texture": "#top"},
				"down": {"uv": [3, 2.02401, 4, 15], "texture": "#top"}
			}
		},
		{
			"name": "Box32",
			"from": [4.5, 13, 2],
			"to": [11, 14, 14],
			"faces": {
				"north": {"uv": [5, 2, 11.5, 3], "texture": "#top"},
				"east": {"uv": [2, 2, 14, 3], "texture": "#top"},
				"south": {"uv": [4.5, 2, 11, 3], "texture": "#top"},
				"west": {"uv": [2, 2, 14, 3], "texture": "#top"},
				"up": {"uv": [4.5, 2, 11, 14], "texture": "#top"},
				"down": {"uv": [4.5, 2, 11, 14], "texture": "#top"}
			}
		},
		{
			"name": "Box32",
			"from": [6.5, 2, 5],
			"to": [8, 3, 6.5],
			"faces": {
				"north": {"uv": [8, 13, 9.5, 14], "texture": "#coal"},
				"east": {"uv": [9.5, 13, 11, 14], "texture": "#coal"},
				"south": {"uv": [6.5, 13, 8, 14], "texture": "#coal"},
				"west": {"uv": [5, 13, 6.5, 14], "texture": "#coal"},
				"up": {"uv": [6.5, 5, 8, 6.5], "texture": "#coal"},
				"down": {"uv": [6.5, 9.5, 8, 11], "texture": "#coal"}
			}
		},
		{
			"name": "Box33",
			"from": [9.5, 2, 6.5],
			"to": [11.5, 3, 9],
			"faces": {
				"north": {"uv": [4.5, 13, 6.5, 14], "texture": "#coal"},
				"east": {"uv": [7, 13, 9.5, 14], "texture": "#coal"},
				"south": {"uv": [9.5, 13, 11.5, 14], "texture": "#coal"},
				"west": {"uv": [6.5, 13, 9, 14], "texture": "#coal"},
				"up": {"uv": [9.5, 6.5, 11.5, 9], "texture": "#coal"},
				"down": {"uv": [9.5, 7, 11.5, 9.5], "texture": "#coal"}
			}
		},
		{
			"name": "Box34",
			"from": [9, 2, 3],
			"to": [10.5, 3, 5],
			"faces": {
				"north": {"uv": [5.5, 13, 7, 14], "texture": "#coal"},
				"east": {"uv": [11, 13, 13, 14], "texture": "#coal"},
				"south": {"uv": [9, 13, 10.5, 14], "texture": "#coal"},
				"west": {"uv": [3, 13, 5, 14], "texture": "#coal"},
				"up": {"uv": [9, 3, 10.5, 5], "texture": "#coal"},
				"down": {"uv": [9, 11, 10.5, 13], "texture": "#coal"}
			}
		},
		{
			"name": "Box35",
			"from": [7.5, 2, 9.5],
			"to": [9, 3, 11],
			"faces": {
				"north": {"uv": [7, 13, 8.5, 14], "texture": "#coal"},
				"east": {"uv": [5, 13, 6.5, 14], "texture": "#coal"},
				"south": {"uv": [7.5, 13, 9, 14], "texture": "#coal"},
				"west": {"uv": [9.5, 13, 11, 14], "texture": "#coal"},
				"up": {"uv": [7.5, 9.5, 9, 11], "texture": "#coal"},
				"down": {"uv": [7.5, 5, 9, 6.5], "texture": "#coal"}
			}
		},
		{
			"name": "Box36",
			"from": [5.5, 2, 7],
			"to": [6.5, 3, 8],
			"faces": {
				"north": {"uv": [9.5, 13, 10.5, 14], "texture": "#coal"},
				"east": {"uv": [8, 13, 9, 14], "texture": "#coal"},
				"south": {"uv": [5.5, 13, 6.5, 14], "texture": "#coal"},
				"west": {"uv": [7, 13, 8, 14], "texture": "#coal"},
				"up": {"uv": [5.5, 7, 6.5, 8], "texture": "#coal"},
				"down": {"uv": [5.5, 8, 6.5, 9], "texture": "#coal"}
			}
		},
		{
			"name": "Box37",
			"from": [7.5, 2, 7],
			"to": [9, 3, 8],
			"faces": {
				"north": {"uv": [7, 13, 8.5, 14], "texture": "#coal"},
				"east": {"uv": [8, 13, 9, 14], "texture": "#coal"},
				"south": {"uv": [7.5, 13, 9, 14], "texture": "#coal"},
				"west": {"uv": [7, 13, 8, 14], "texture": "#coal"},
				"up": {"uv": [7.5, 7, 9, 8], "texture": "#coal"},
				"down": {"uv": [7.5, 8, 9, 9], "texture": "#coal"}
			}
		},
		{
			"name": "Box38",
			"from": [7, 3, 7],
			"to": [8.5, 4, 8.5],
			"faces": {
				"north": {"uv": [7.5, 12, 9, 13], "texture": "#coal"},
				"east": {"uv": [7.5, 12, 9, 13], "texture": "#coal"},
				"south": {"uv": [7, 12, 8.5, 13], "texture": "#coal"},
				"west": {"uv": [7, 12, 8.5, 13], "texture": "#coal"},
				"up": {"uv": [7, 7, 8.5, 8.5], "texture": "#coal"},
				"down": {"uv": [7, 7.5, 8.5, 9], "texture": "#coal"}
			}
		},
		{
			"name": "Box39",
			"from": [9.5, 3, 4.5],
			"to": [11, 4, 6],
			"faces": {
				"north": {"uv": [5, 12, 6.5, 13], "texture": "#coal"},
				"east": {"uv": [10, 12, 11.5, 13], "texture": "#coal"},
				"south": {"uv": [9.5, 12, 11, 13], "texture": "#coal"},
				"west": {"uv": [4.5, 12, 6, 13], "texture": "#coal"},
				"up": {"uv": [9.5, 4.5, 11, 6], "texture": "#coal"},
				"down": {"uv": [9.5, 10, 11, 11.5], "texture": "#coal"}
			}
		},
		{
			"name": "Box40",
			"from": [7.5, 3, 4.5],
			"to": [8.5, 4, 5.5],
			"faces": {
				"north": {"uv": [7.5, 12, 8.5, 13], "texture": "#coal"},
				"east": {"uv": [10.5, 12, 11.5, 13], "texture": "#coal"},
				"south": {"uv": [7.5, 12, 8.5, 13], "texture": "#coal"},
				"west": {"uv": [4.5, 12, 5.5, 13], "texture": "#coal"},
				"up": {"uv": [7.5, 4.5, 8.5, 5.5], "texture": "#coal"},
				"down": {"uv": [7.5, 10.5, 8.5, 11.5], "texture": "#coal"}
			}
		},
		{
			"name": "Box34",
			"from": [5, 2, 2.5],
			"to": [6.5, 3, 4.5],
			"faces": {
				"north": {"uv": [5.5, 13, 7, 14], "texture": "#coal"},
				"east": {"uv": [11, 13, 13, 14], "texture": "#coal"},
				"south": {"uv": [9, 13, 10.5, 14], "texture": "#coal"},
				"west": {"uv": [3, 13, 5, 14], "texture": "#coal"},
				"up": {"uv": [9, 3, 10.5, 5], "texture": "#coal"},
				"down": {"uv": [9, 11, 10.5, 13], "texture": "#coal"}
			}
		},
		{
			"name": "Box40",
			"from": [7.5, 2, 3.5],
			"to": [8.5, 3, 4.5],
			"faces": {
				"north": {"uv": [7.5, 12, 8.5, 13], "texture": "#coal"},
				"east": {"uv": [10.5, 12, 11.5, 13], "texture": "#coal"},
				"south": {"uv": [7.5, 12, 8.5, 13], "texture": "#coal"},
				"west": {"uv": [4.5, 12, 5.5, 13], "texture": "#coal"},
				"up": {"uv": [7.5, 4.5, 8.5, 5.5], "texture": "#coal"},
				"down": {"uv": [7.5, 10.5, 8.5, 11.5], "texture": "#coal"}
			}
		},
		{
			"name": "Box43",
			"from": [11, 2, 2.5],
			"to": [12.5, 3, 3.5],
			"faces": {
				"north": {"uv": [3.5, 13, 5, 14], "texture": "#coal"},
				"east": {"uv": [12.5, 13, 13.5, 14], "texture": "#coal"},
				"south": {"uv": [11, 13, 12.5, 14], "texture": "#coal"},
				"west": {"uv": [2.5, 13, 3.5, 14], "texture": "#coal"},
				"up": {"uv": [11, 2.5, 12.5, 3.5], "texture": "#coal"},
				"down": {"uv": [11, 12.5, 12.5, 13.5], "texture": "#coal"}
			}
		},
		{
			"name": "Box44",
			"from": [6.5, 2, 3],
			"to": [7, 2.5, 4],
			"faces": {
				"north": {"uv": [9, 13.5, 9.5, 14], "texture": "#coal"},
				"east": {"uv": [12, 13.5, 13, 14], "texture": "#coal"},
				"south": {"uv": [6.5, 13.5, 7, 14], "texture": "#coal"},
				"west": {"uv": [3, 13.5, 4, 14], "texture": "#coal"},
				"up": {"uv": [6.5, 3, 7, 4], "texture": "#coal"},
				"down": {"uv": [6.5, 12, 7, 13], "texture": "#coal"}
			}
		},
		{
			"name": "Box45",
			"from": [5, 3, 2.5],
			"to": [6, 3.5, 4.5],
			"faces": {
				"north": {"uv": [10, 12.5, 11, 13], "texture": "#coal"},
				"east": {"uv": [11.5, 12.5, 13.5, 13], "texture": "#coal"},
				"south": {"uv": [5, 12.5, 6, 13], "texture": "#coal"},
				"west": {"uv": [2.5, 12.5, 4.5, 13], "texture": "#coal"},
				"up": {"uv": [5, 2.5, 6, 4.5], "texture": "#coal"},
				"down": {"uv": [5, 11.5, 6, 13.5], "texture": "#coal"}
			}
		},
		{
			"name": "Box46",
			"from": [4.5, 2, 3],
			"to": [5, 2.5, 4],
			"faces": {
				"north": {"uv": [11, 13.5, 11.5, 14], "texture": "#coal"},
				"east": {"uv": [12, 13.5, 13, 14], "texture": "#coal"},
				"south": {"uv": [4.5, 13.5, 5, 14], "texture": "#coal"},
				"west": {"uv": [3, 13.5, 4, 14], "texture": "#coal"},
				"up": {"uv": [4.5, 3, 5, 4], "texture": "#coal"},
				"down": {"uv": [4.5, 12, 5, 13], "texture": "#coal"}
			}
		},
		{
			"name": "Box47",
			"from": [7.5, 2, 3],
			"to": [8.5, 2.5, 3.5],
			"faces": {
				"north": {"uv": [7.5, 13.5, 8.5, 14], "texture": "#coal"},
				"east": {"uv": [12.5, 13.5, 13, 14], "texture": "#coal"},
				"south": {"uv": [7.5, 13.5, 8.5, 14], "texture": "#coal"},
				"west": {"uv": [3, 13.5, 3.5, 14], "texture": "#coal"},
				"up": {"uv": [7.5, 3, 8.5, 3.5], "texture": "#coal"},
				"down": {"uv": [7.5, 12.5, 8.5, 13], "texture": "#coal"}
			}
		},
		{
			"name": "Box48",
			"from": [8.5, 3, 2.5],
			"to": [9.5, 3.5, 3.5],
			"faces": {
				"north": {"uv": [6.5, 12.5, 7.5, 13], "texture": "#coal"},
				"east": {"uv": [12.5, 12.5, 13.5, 13], "texture": "#coal"},
				"south": {"uv": [8.5, 12.5, 9.5, 13], "texture": "#coal"},
				"west": {"uv": [2.5, 12.5, 3.5, 13], "texture": "#coal"},
				"up": {"uv": [8.5, 2.5, 9.5, 3.5], "texture": "#coal"},
				"down": {"uv": [8.5, 12.5, 9.5, 13.5], "texture": "#coal"}
			}
		}
	]
}