{
	"__comment": "Made with Blockbench",
	"parent": "block/block",
	"textures": {
		"particle": "block/dirt",
		"bottom": "block/dirt",
		"top": "block/grass_block_top",
		"side": "block/grass_block_side",
		"overlay": "block/grass_block_side_overlay",
		"bushy": "block/grass_block_top_bushy",
		"grass": "block/grass",
		"stick": "block/oak_log_top"
	},
	"elements": [
		{
			"from": [ 0, 0, 0 ],
			"to": [ 16, 16, 16 ],
			"faces": {
				"down": { "uv": [ 0, 0, 16, 16 ], "texture": "#bottom", "cullface": "down" },
				"up": { "uv": [ 0, 0, 16, 16 ], "texture": "#top", "cullface": "up", "tintindex": 0 },
				"north": { "uv": [ 0, 0, 16, 16 ], "texture": "#side", "cullface": "north" },
				"south": { "uv": [ 0, 0, 16, 16 ], "texture": "#side", "cullface": "south" },
				"west": { "uv": [ 0, 0, 16, 16 ], "texture": "#side", "cullface": "west" },
				"east": { "uv": [ 0, 0, 16, 16 ], "texture": "#side", "cullface": "east" }
			}
		},
		{
			"from": [ 0, 16.24, 0 ],
			"to": [ 16, 16.241, 16 ],
			"faces": {
				"up": { "uv": [ 0, 0, 16, 16 ], "texture": "#bushy", "cullface": "up", "tintindex": 0 }
			}
		},
		{
			"from": [ 0, 0, 0 ],
			"to": [ 16, 16, 16 ],
			"faces": {
				"north": { "uv": [ 0, 0, 16, 16 ], "texture": "#overlay", "cullface": "north", "tintindex": 0 },
				"south": { "uv": [ 0, 0, 16, 16 ], "texture": "#overlay", "cullface": "south", "tintindex": 0 },
				"west": { "uv": [ 0, 0, 16, 16 ], "texture": "#overlay", "cullface": "west", "tintindex": 0 },
				"east": { "uv": [ 0, 0, 16, 16 ], "texture": "#overlay", "cullface": "east", "tintindex": 0 }
			}
		},
		{
			"__comment": "Cube4",
			"from": [ 6, 15.9, 4 ],
			"to": [ 15, 16.9, 5 ],
			"rotation": { "origin": [ 6, 16, 4 ], "axis": "y", "angle": -22.5 },
			"faces": {
				"up": { "uv": [ 4, 2, 13, 3 ], "texture": "#stick", "cullface": "up" },
				"north": { "uv": [ 4, 2, 13, 3 ], "texture": "#stick", "cullface": "up" },
				"south": { "uv": [ 4, 2, 13, 3 ], "texture": "#stick", "cullface": "up" },
				"west": { "uv": [ 4, 2, 5, 3 ], "texture": "#stick", "cullface": "up" },
				"east": { "uv": [ 11, 2, 12, 3 ], "texture": "#stick", "cullface": "up" }
			}
		}
	]
}