{
	"credit": "Made with Blockbench",
	"parent": "block/block",
	"textures": {
		"0": "block/P&J/jack lantern/jack_o_lantern",
		"1": "block/P&J/jack lantern/pumpkin_side",
		"2": "block/P&J/jack lantern/pumpkin_top",
		"particle": "block/P&J/jack lantern/jack_o_lantern"
	},
	"elements": [
		{
			"from": [0, 0, 1],
			"to": [16, 16, 16],
			"faces": {
				"north": {"uv": [0, 0, 16, 16], "texture": "#0", "cullface": "north"},
				"east": {"uv": [0, 0, 15, 16], "texture": "#1", "cullface": "east"},
				"south": {"uv": [0, 0, 16, 16], "texture": "#1", "cullface": "south"},
				"west": {"uv": [1, 0, 16, 16], "texture": "#1", "cullface": "west"},
				"up": {"uv": [0, 1, 16, 16], "texture": "#2", "cullface": "up"},
				"down": {"uv": [0, 0, 16, 15], "texture": "#2", "cullface": "down"}
			}
		},
		{
			"from": [5, 16, 5],
			"to": [8, 17, 8],
			"faces": {
				"north": {"uv": [5, 5, 8, 6], "rotation": 180, "texture": "#2"},
				"east": {"uv": [5, 5, 8, 6], "texture": "#2"},
				"south": {"uv": [5, 5, 8, 6], "rotation": 180, "texture": "#2"},
				"west": {"uv": [5, 5, 8, 6], "texture": "#2"},
				"up": {"uv": [5, 5, 8, 8], "texture": "#2"}
			}
		},
		{
			"from": [6, 16, 8],
			"to": [10, 17, 9],
			"faces": {
				"north": {"uv": [6, 8, 10, 9], "rotation": 180, "texture": "#2"},
				"east": {"uv": [9, 8, 10, 9], "texture": "#2"},
				"south": {"uv": [6, 8, 10, 9], "rotation": 180, "texture": "#2"},
				"west": {"uv": [6, 8, 7, 9], "texture": "#2"},
				"up": {"uv": [6, 8, 10, 9], "texture": "#2"}
			}
		},
		{
			"from": [8, 16, 6],
			"to": [9, 17, 8],
			"faces": {
				"north": {"uv": [8, 6, 9, 7], "rotation": 180, "texture": "#2"},
				"east": {"uv": [8, 6, 9, 8], "rotation": 90, "texture": "#2"},
				"up": {"uv": [8, 6, 9, 8], "texture": "#2"}
			}
		},
		{
			"from": [7, 16, 9],
			"to": [9, 17, 10],
			"faces": {
				"east": {"uv": [8, 9, 9, 10], "texture": "#2"},
				"south": {"uv": [7, 9, 9, 10], "rotation": 180, "texture": "#2"},
				"west": {"uv": [7, 9, 8, 10], "texture": "#2"},
				"up": {"uv": [7, 9, 9, 10], "texture": "#2"}
			}
		},
		{
			"from": [0, 0, 0],
			"to": [16, 2, 1],
			"faces": {
				"north": {"uv": [0, 14, 16, 16], "texture": "#0"},
				"east": {"uv": [15, 14, 16, 16], "texture": "#1"},
				"west": {"uv": [0, 14, 1, 16], "texture": "#1"},
				"up": {"uv": [0, 14, 16, 15], "rotation": 180, "texture": "#0"},
				"down": {"uv": [0, 15, 16, 16], "texture": "#2"}
			}
		},
		{
			"from": [0, 14, 0],
			"to": [16, 16, 1],
			"faces": {
				"north": {"uv": [0, 0, 16, 2], "texture": "#0"},
				"east": {"uv": [15, 0, 16, 2], "texture": "#1"},
				"west": {"uv": [0, 0, 1, 2], "texture": "#1"},
				"up": {"uv": [0, 0, 16, 1], "texture": "#2"},
				"down": {"uv": [0, 1, 16, 2], "rotation": 180, "texture": "#0"}
			}
		},
		{
			"from": [0, 5, 0],
			"to": [2, 14, 1],
			"faces": {
				"north": {"uv": [14, 2, 16, 11], "texture": "#0"},
				"east": {"uv": [14, 2, 15, 11], "texture": "#0"},
				"west": {"uv": [0, 2, 1, 11], "texture": "#1"},
				"down": {"uv": [14, 10, 16, 11], "rotation": 180, "texture": "#0"}
			}
		},
		{
			"from": [0, 2, 0],
			"to": [1, 5, 1],
			"faces": {
				"north": {"uv": [15, 11, 16, 14], "texture": "#0"},
				"east": {"uv": [15, 11, 16, 14], "texture": "#0"},
				"west": {"uv": [0, 11, 1, 14], "texture": "#1"}
			}
		},
		{
			"from": [3, 2, 0],
			"to": [4, 4, 1],
			"faces": {
				"north": {"uv": [12, 12, 13, 14], "texture": "#0"},
				"east": {"uv": [12, 12, 13, 14], "texture": "#0"},
				"west": {"uv": [12, 12, 13, 14], "texture": "#0"},
				"up": {"uv": [12, 12, 13, 13], "texture": "#0"}
			}
		},
		{
			"from": [7, 3, 0],
			"to": [8, 4, 1],
			"faces": {
				"north": {"uv": [8, 12, 9, 13], "texture": "#0"},
				"east": {"uv": [8, 12, 9, 13], "texture": "#0"},
				"west": {"uv": [8, 12, 9, 13], "texture": "#0"},
				"up": {"uv": [8, 12, 9, 13], "texture": "#0"}
			}
		},
		{
			"from": [5, 2, 0],
			"to": [9, 3, 1],
			"faces": {
				"north": {"uv": [7, 13, 11, 14], "texture": "#0"},
				"east": {"uv": [7, 13, 8, 14], "texture": "#0"},
				"west": {"uv": [10, 13, 11, 14], "texture": "#0"},
				"up": {"uv": [7, 13, 11, 14], "rotation": 180, "texture": "#0"}
			}
		},
		{
			"from": [1, 2, 0],
			"to": [3, 3, 1],
			"faces": {
				"north": {"uv": [13, 13, 15, 14], "texture": "#0"},
				"up": {"uv": [13, 13, 15, 14], "texture": "#0"}
			}
		},
		{
			"from": [11, 2, 0],
			"to": [12, 3, 1],
			"faces": {
				"north": {"uv": [4, 13, 5, 14], "texture": "#0"},
				"east": {"uv": [4, 13, 5, 14], "texture": "#0"},
				"up": {"uv": [4, 13, 5, 14], "texture": "#0"}
			}
		},
		{
			"from": [6, 13, 0],
			"to": [10, 14, 1],
			"faces": {
				"north": {"uv": [6, 2, 10, 3], "texture": "#0"},
				"east": {"uv": [6, 2, 7, 3], "texture": "#0"},
				"west": {"uv": [9, 2, 10, 3], "texture": "#0"},
				"down": {"uv": [6, 2, 10, 3], "texture": "#0"}
			}
		},
		{
			"from": [11, 6, 0],
			"to": [12, 7, 1],
			"faces": {
				"north": {"uv": [4, 9, 5, 10], "texture": "#0"},
				"east": {"uv": [4, 9, 5, 10], "texture": "#0"},
				"west": {"uv": [4, 9, 5, 10], "texture": "#0"},
				"down": {"uv": [4, 9, 5, 10], "texture": "#0"}
			}
		},
		{
			"from": [12, 8, 0],
			"to": [13, 9, 1],
			"faces": {
				"north": {"uv": [3, 7, 4, 8], "texture": "#0"},
				"west": {"uv": [3, 7, 4, 8], "texture": "#0"},
				"up": {"uv": [3, 7, 4, 8], "texture": "#0"}
			}
		},
		{
			"from": [3, 6, 0],
			"to": [4, 7, 1],
			"faces": {
				"north": {"uv": [12, 9, 13, 10], "texture": "#0"},
				"east": {"uv": [12, 9, 13, 10], "texture": "#0"},
				"west": {"uv": [12, 9, 13, 10], "texture": "#0"},
				"down": {"uv": [12, 9, 13, 10], "texture": "#0"}
			}
		},
		{
			"from": [2, 10, 0],
			"to": [3, 14, 1],
			"faces": {
				"north": {"uv": [13, 2, 14, 6], "texture": "#0"},
				"east": {"uv": [13, 2, 14, 6], "texture": "#0"},
				"down": {"uv": [13, 5, 14, 6], "texture": "#0"}
			}
		},
		{
			"from": [13, 6, 0],
			"to": [14, 14, 1],
			"faces": {
				"north": {"uv": [1, 2, 2, 10], "texture": "#0"},
				"west": {"uv": [2, 2, 3, 10], "texture": "#0"},
				"down": {"uv": [2, 9, 3, 10], "texture": "#0"}
			}
		},
		{
			"from": [4, 13, 0],
			"to": [5, 14, 1],
			"faces": {
				"north": {"uv": [11, 2, 12, 3], "texture": "#0"},
				"east": {"uv": [11, 2, 12, 3], "texture": "#0"},
				"down": {"uv": [11, 2, 12, 3], "texture": "#0"}
			}
		},
		{
			"from": [8, 6, 0],
			"to": [10, 7, 1],
			"faces": {
				"north": {"uv": [6, 9, 8, 10], "texture": "#0"},
				"east": {"uv": [6, 9, 7, 10], "texture": "#0"},
				"west": {"uv": [7, 9, 8, 10], "texture": "#0"},
				"down": {"uv": [6, 9, 8, 10], "rotation": 180, "texture": "#0"}
			}
		},
		{
			"from": [5, 6, 0],
			"to": [7, 7, 1],
			"faces": {
				"north": {"uv": [9, 9, 11, 10], "texture": "#0"},
				"east": {"uv": [9, 9, 10, 10], "texture": "#0"},
				"west": {"uv": [10, 9, 11, 10], "texture": "#0"},
				"down": {"uv": [9, 9, 11, 10], "rotation": 180, "texture": "#0"}
			}
		},
		{
			"from": [2, 7, 0],
			"to": [6, 8, 1],
			"faces": {
				"north": {"uv": [10, 8, 14, 9], "texture": "#0"},
				"east": {"uv": [0, 0, 1, 1], "texture": "#missing"},
				"up": {"uv": [10, 8, 14, 9], "texture": "#0"},
				"down": {"uv": [10, 8, 14, 9], "rotation": 180, "texture": "#0"}
			}
		},
		{
			"from": [10, 7, 0],
			"to": [13, 8, 1],
			"faces": {
				"north": {"uv": [3, 8, 6, 9], "texture": "#0"},
				"up": {"uv": [3, 8, 6, 9], "texture": "#0"},
				"down": {"uv": [3, 8, 6, 9], "texture": "#0"}
			}
		},
		{
			"from": [6, 7, 0],
			"to": [10, 9, 1],
			"faces": {
				"north": {"uv": [6, 7, 10, 9], "texture": "#0"},
				"east": {"uv": [7, 4, 8, 6], "texture": "#0"},
				"west": {"uv": [9, 7, 10, 9], "texture": "#0"},
				"up": {"uv": [6, 7, 10, 8], "rotation": 180, "texture": "#0"},
				"down": {"uv": [6, 8, 10, 9], "rotation": 180, "texture": "#0"}
			}
		},
		{
			"from": [10, 2, 0],
			"to": [11, 4, 1],
			"faces": {
				"north": {"uv": [5, 12, 6, 14], "texture": "#0"},
				"east": {"uv": [5, 12, 6, 14], "texture": "#0"},
				"west": {"uv": [5, 12, 6, 14], "texture": "#0"},
				"up": {"uv": [5, 12, 6, 13], "texture": "#0"}
			}
		},
		{
			"from": [13, 2, 0],
			"to": [14, 4, 1],
			"faces": {
				"north": {"uv": [2, 12, 3, 14], "texture": "#0"},
				"west": {"uv": [2, 12, 3, 14], "texture": "#0"},
				"up": {"uv": [2, 12, 3, 13], "texture": "#0"}
			}
		},
		{
			"from": [12, 12, 0],
			"to": [13, 14, 1],
			"faces": {
				"north": {"uv": [3, 2, 4, 4], "texture": "#0"},
				"west": {"uv": [3, 2, 4, 4], "texture": "#0"},
				"down": {"uv": [3, 3, 4, 4], "texture": "#0"}
			}
		},
		{
			"from": [3, 12, 0],
			"to": [4, 14, 1],
			"faces": {
				"north": {"uv": [12, 2, 13, 4], "texture": "#0"},
				"east": {"uv": [12, 2, 13, 4], "texture": "#0"},
				"down": {"uv": [12, 3, 13, 4], "texture": "#0"}
			}
		},
		{
			"from": [7, 9, 0],
			"to": [9, 13, 1],
			"faces": {
				"north": {"uv": [7, 3, 9, 7], "texture": "#0"},
				"east": {"uv": [7, 3, 8, 7], "texture": "#0"},
				"west": {"uv": [8, 2, 9, 6], "texture": "#0"}
			}
		},
		{
			"from": [14, 2, 0],
			"to": [16, 14, 1],
			"faces": {
				"north": {"uv": [0, 2, 2, 14], "texture": "#1"},
				"east": {"uv": [15, 0, 16, 12], "texture": "#1"},
				"west": {"uv": [1, 2, 2, 14], "texture": "#0"}
			}
		}
	]
}