{
	"credit": "Made with Blockbench",
	"textures": {
		"detector": "block/detector_rail"
	},
	"elements": [
		{
			"name": "Detector north",
			"from": [5, 9, 5.17],
			"to": [11, 10, 6.17],
			"rotation": {"angle": 45, "axis": "x", "origin": [8, 9.65, 8]},
			"faces": {
				"north": {"uv": [5, 5, 11, 6], "rotation": 180, "texture": "#detector", "cullface": "Know2Good"},
				"east": {"uv": [10, 5, 11, 6], "texture": "#detector", "cullface": "Know2Good"},
				"south": {"uv": [5, 5, 11, 6], "texture": "#detector", "cullface": "Know2Good"},
				"west": {"uv": [5, 5, 6, 6], "texture": "#detector", "cullface": "Know2Good"},
				"up": {"uv": [5, 5, 11, 6], "texture": "#detector", "cullface": "Know2Good"}
			}
		},
		{
			"name": "Detector east",
			"from": [10, 9, 6.17],
			"to": [11, 10, 9.83],
			"rotation": {"angle": 45, "axis": "x", "origin": [8, 9.65, 8]},
			"faces": {
				"east": {"uv": [10, 6, 11, 10], "rotation": 90, "texture": "#detector", "cullface": "Know2Good"},
				"west": {"uv": [10, 6, 11, 10], "rotation": 270, "texture": "#detector", "cullface": "Know2Good"},
				"up": {"uv": [10, 6, 11, 10], "texture": "#detector", "cullface": "Know2Good"},
				"down": {"uv": [10, 6, 11, 10], "rotation": 180, "texture": "#detector", "cullface": "Know2Good"}
			}
		},
		{
			"name": "Detector south",
			"from": [5, 9, 9.83],
			"to": [11, 10, 10.83],
			"rotation": {"angle": 45, "axis": "x", "origin": [8, 9.65, 8]},
			"faces": {
				"north": {"uv": [5, 10, 11, 11], "rotation": 180, "texture": "#detector", "cullface": "Know2Good"},
				"east": {"uv": [10, 10, 11, 11], "texture": "#detector", "cullface": "Know2Good"},
				"south": {"uv": [5, 10, 11, 11], "texture": "#detector", "cullface": "Know2Good"},
				"west": {"uv": [5, 10, 6, 11], "texture": "#detector", "cullface": "Know2Good"},
				"up": {"uv": [5, 10, 11, 11], "texture": "#detector", "cullface": "Know2Good"}
			}
		},
		{
			"name": "Detector west",
			"from": [5, 9, 6.17],
			"to": [6, 10, 9.83],
			"rotation": {"angle": 45, "axis": "x", "origin": [8, 9.65, 8]},
			"faces": {
				"east": {"uv": [5, 6, 6, 10], "rotation": 90, "texture": "#detector", "cullface": "Know2Good"},
				"west": {"uv": [5, 6, 6, 10], "rotation": 270, "texture": "#detector", "cullface": "Know2Good"},
				"up": {"uv": [5, 6, 6, 10], "texture": "#detector", "cullface": "Know2Good"},
				"down": {"uv": [5, 6, 6, 10], "rotation": 180, "texture": "#detector", "cullface": "Know2Good"}
			}
		},
		{
			"name": "Detector inner",
			"from": [6, 9, 6.17],
			"to": [10, 10.75, 9.83],
			"rotation": {"angle": 45, "axis": "x", "origin": [8, 9.65, 8]},
			"faces": {
				"north": {"uv": [6, 6, 10, 7], "rotation": 180, "texture": "#detector", "cullface": "Know2Good"},
				"east": {"uv": [9, 6, 10, 10], "rotation": 90, "texture": "#detector", "cullface": "Know2Good"},
				"south": {"uv": [6, 9, 10, 10], "texture": "#detector", "cullface": "Know2Good"},
				"west": {"uv": [6, 6, 7, 10], "rotation": 270, "texture": "#detector", "cullface": "Know2Good"},
				"up": {"uv": [6, 6, 10, 10], "texture": "#detector", "cullface": "Know2Good"},
				"down": {"uv": [6, 6, 10, 10], "rotation": 270, "texture": "#detector", "cullface": "Know2Good"}
			}
		}
	]
}
